anio,prov,nv,def,neo,neo_0_6,neo_7_27,posneo
2005,00,712220.0,9507,6307,4641.0,1666.0,3200
2005,02,43633.0,351,232,155.0,77.0,119
2005,06,262786.0,3420,2197,1573.0,624.0,1223
2005,10,7202.0,121,104,78.0,26.0,17
2005,14,55662.0,663,464,335.0,129.0,199
2005,18,19805.0,361,250,203.0,47.0,111
2005,22,23140.0,461,314,239.0,75.0,147
2005,26,8550.0,100,73,58.0,15.0,27
2005,30,21875.0,289,206,144.0,62.0,83
2005,34,12176.0,279,181,138.0,43.0,98
2005,38,12971.0,209,131,100.0,31.0,78
2005,42,5441.0,62,46,35.0,11.0,16
2005,46,6679.0,92,48,43.0,5.0,44
2005,50,31542.0,357,233,164.0,69.0,124
2005,54,23679.0,346,220,167.0,53.0,126
2005,58,10426.0,103,66,44.0,22.0,37
2005,62,11003.0,103,68,52.0,16.0,35
2005,66,26130.0,373,216,163.0,53.0,157
2005,70,14240.0,238,167,121.0,46.0,71
2005,74,8138.0,130,85,64.0,21.0,45
2005,78,4898.0,54,44,34.0,10.0,10
2005,82,51940.0,643,419,302.0,117.0,224
2005,86,17642.0,207,125,100.0,25.0,82
2005,90,28225.0,457,350,276.0,74.0,107
2005,94,2388.0,16,12,10.0,2.0,4
2005,98,281.0,6,5,5.0,0.0,1
2005,99,1768.0,66,51,38.0,13.0,15
2005,GBA,182841.0,2462,1575,1127.0,448.0,887
2006,00,696451.0,8986,5903,4312.0,1591.0,3083
2006,02,44065.0,366,230,158.0,72.0,136
2006,06,261941.0,3284,2068,1480.0,588.0,1216
2006,10,6837.0,105,75,52.0,23.0,30
2006,14,54222.0,627,430,303.0,127.0,197
2006,18,18561.0,324,237,182.0,55.0,87
2006,22,20235.0,382,251,200.0,51.0,131
2006,26,8994.0,103,79,61.0,18.0,24
2006,30,21181.0,267,184,124.0,60.0,83
2006,34,11237.0,272,196,151.0,45.0,76
2006,38,12153.0,206,139,112.0,27.0,67
2006,42,5383.0,54,38,29.0,9.0,16
2006,46,6220.0,88,56,40.0,16.0,32
2006,50,32232.0,382,268,203.0,65.0,114
2006,54,20848.0,356,219,162.0,57.0,137
2006,58,10852.0,106,65,37.0,28.0,41
2006,62,10966.0,102,65,47.0,18.0,37
2006,66,24828.0,370,218,151.0,67.0,152
2006,70,13971.0,196,120,96.0,24.0,76
2006,74,8468.0,108,84,55.0,29.0,24
2006,78,5119.0,79,61,54.0,7.0,18
2006,82,50602.0,555,371,275.0,96.0,184
2006,86,16926.0,204,119,82.0,37.0,85
2006,90,26567.0,359,265,213.0,52.0,94
2006,94,2395.0,26,18,13.0,5.0,8
2006,98,286.0,7,2,0.0,2.0,5
2006,99,1362.0,58,45,32.0,13.0,13
2006,GBA,182816.0,2372,1502,1064.0,438.0,870
2007,00,700792.0,9300,5964,4236.0,1728.0,3336
2007,02,42737.0,359,230,172.0,58.0,129
2007,06,263343.0,3590,2161,1462.0,699.0,1429
2007,10,6969.0,104,73,61.0,12.0,31
2007,14,53963.0,688,462,324.0,138.0,226
2007,18,18982.0,296,209,161.0,48.0,87
2007,22,19173.0,406,256,194.0,62.0,150
2007,26,9213.0,101,70,54.0,16.0,31
2007,30,20985.0,249,155,106.0,49.0,94
2007,34,11241.0,257,172,126.0,46.0,85
2007,38,12469.0,189,123,96.0,27.0,66
2007,42,5336.0,63,45,35.0,10.0,18
2007,46,6138.0,79,56,42.0,14.0,23
2007,50,33000.0,372,252,186.0,66.0,120
2007,54,21639.0,315,197,136.0,61.0,118
2007,58,11022.0,106,66,46.0,20.0,40
2007,62,11214.0,110,88,64.0,24.0,22
2007,66,24808.0,382,248,180.0,68.0,134
2007,70,14254.0,188,133,91.0,42.0,55
2007,74,8265.0,130,90,66.0,24.0,40
2007,78,5276.0,68,47,30.0,17.0,21
2007,82,50644.0,587,393,282.0,111.0,194
2007,86,16634.0,229,128,84.0,44.0,101
2007,90,28765.0,371,263,205.0,58.0,108
2007,94,2551.0,26,19,11.0,8.0,7
2007,98,246.0,4,1,0.0,1.0,3
2007,99,1925.0,31,27,22.0,5.0,4
2007,GBA,185339.0,2638,1580,1061.0,519.0,1058
2008,00,746460.0,9341,6196,4466.0,1730.0,3145
2008,02,45820.0,354,239,147.0,92.0,115
2008,06,280318.0,3463,2218,1545.0,673.0,1245
2008,10,7206.0,110,82,59.0,23.0,28
2008,14,58073.0,704,495,347.0,148.0,209
2008,18,19984.0,341,244,198.0,46.0,97
2008,22,21919.0,395,256,186.0,70.0,139
2008,26,9864.0,103,73,52.0,21.0,30
2008,30,21538.0,291,203,156.0,47.0,88
2008,34,12222.0,235,137,110.0,27.0,98
2008,38,12963.0,182,130,98.0,32.0,52
2008,42,5512.0,82,60,51.0,9.0,22
2008,46,6487.0,97,63,48.0,15.0,34
2008,50,34860.0,376,230,162.0,68.0,146
2008,54,24936.0,347,214,163.0,51.0,133
2008,58,11529.0,85,51,40.0,11.0,34
2008,62,11882.0,139,103,68.0,35.0,36
2008,66,26211.0,378,218,166.0,52.0,160
2008,70,14425.0,207,149,112.0,37.0,58
2008,74,8449.0,111,80,63.0,17.0,31
2008,78,5651.0,60,41,28.0,13.0,19
2008,82,54804.0,629,439,315.0,124.0,190
2008,86,17715.0,185,121,86.0,35.0,64
2008,90,29428.0,407,303,231.0,72.0,104
2008,94,2629.0,18,14,11.0,3.0,4
2008,98,318.0,7,5,5.0,0.0,2
2008,99,1717.0,35,28,19.0,9.0,7
2008,GBA,199412.0,2519,1590,1107.0,483.0,929
2009,00,745336.0,9026,5956,4276.0,1680.0,3070
2009,02,44615.0,377,261,184.0,77.0,116
2009,06,279941.0,3488,2280,1585.0,695.0,1208
2009,10,6876.0,100,67,50.0,17.0,33
2009,14,58595.0,627,433,304.0,129.0,194
2009,18,20373.0,312,227,175.0,52.0,85
2009,22,21703.0,386,234,177.0,57.0,152
2009,26,9921.0,93,65,51.0,14.0,28
2009,30,22228.0,263,162,116.0,46.0,101
2009,34,11969.0,245,139,108.0,31.0,106
2009,38,13226.0,152,102,80.0,22.0,50
2009,42,5493.0,75,58,46.0,12.0,17
2009,46,6237.0,91,53,37.0,16.0,38
2009,50,34435.0,342,238,158.0,80.0,104
2009,54,25918.0,336,220,168.0,52.0,116
2009,58,11639.0,89,58,47.0,11.0,31
2009,62,11773.0,104,72,55.0,17.0,32
2009,66,26133.0,367,225,171.0,54.0,142
2009,70,14520.0,160,110,78.0,32.0,50
2009,74,8134.0,105,76,54.0,22.0,29
2009,78,5806.0,60,46,35.0,11.0,14
2009,82,53830.0,595,388,261.0,127.0,207
2009,86,19129.0,232,139,99.0,40.0,93
2009,90,28546.0,375,263,205.0,58.0,112
2009,94,2619.0,12,8,7.0,1.0,4
2009,98,341.0,3,2,1.0,1.0,1
2009,99,1336.0,37,30,24.0,6.0,7
2009,GBA,198579.0,2529,1632,1116.0,516.0,897
2010,00,756176.0,8961,5942,4274.0,1668.0,3019
2010,02,45429.0,320,209,140.0,69.0,111
2010,06,288831.0,3457,2201,1546.0,655.0,1256
2010,10,6818.0,105,80,62.0,18.0,25
2010,14,58540.0,649,431,314.0,117.0,218
2010,18,20477.0,345,273,212.0,61.0,72
2010,22,22717.0,333,195,136.0,59.0,138
2010,26,9981.0,98,71,46.0,25.0,27
2010,30,22357.0,260,179,124.0,55.0,81
2010,34,11730.0,209,147,105.0,42.0,62
2010,38,13395.0,180,123,98.0,25.0,57
2010,42,5533.0,39,22,16.0,6.0,17
2010,46,6118.0,77,55,39.0,16.0,22
2010,50,34134.0,399,283,205.0,78.0,116
2010,54,24637.0,324,200,153.0,47.0,124
2010,58,12205.0,112,80,54.0,26.0,32
2010,62,12060.0,113,82,63.0,19.0,31
2010,66,27790.0,355,211,154.0,57.0,144
2010,70,14189.0,156,107,78.0,29.0,49
2010,74,7928.0,85,66,45.0,21.0,19
2010,78,6087.0,59,43,31.0,12.0,16
2010,82,53152.0,545,380,274.0,106.0,165
2010,86,17546.0,245,144,101.0,43.0,101
2010,90,30400.0,429,315,244.0,71.0,114
2010,94,2519.0,25,16,11.0,5.0,9
2010,98,353.0,9,3,2.0,1.0,6
2010,99,1250.0,33,26,21.0,5.0,7
2010,GBA,204943.0,2516,1600,1118.0,482.0,916
2011,00,758042.0,8878,5751,4087.0,1664.0,3127
2011,02,45280.0,400,252,185.0,67.0,148
2011,06,291102.0,3439,2160,1462.0,698.0,1279
2011,10,6579.0,92,63,50.0,13.0,29
2011,14,57861.0,623,415,304.0,111.0,208
2011,18,20839.0,327,245,178.0,67.0,82
2011,22,24472.0,279,155,120.0,35.0,124
2011,26,9832.0,100,74,50.0,24.0,26
2011,30,22216.0,245,154,101.0,53.0,91
2011,34,12196.0,259,170,107.0,63.0,89
2011,38,13859.0,179,124,101.0,23.0,55
2011,42,5381.0,56,39,36.0,3.0,17
2011,46,6312.0,104,61,46.0,15.0,43
2011,50,34175.0,331,232,159.0,73.0,99
2011,54,21803.0,298,187,137.0,50.0,111
2011,58,11234.0,84,52,34.0,18.0,32
2011,62,11992.0,115,75,57.0,18.0,40
2011,66,27913.0,392,243,168.0,75.0,149
2011,70,14395.0,143,84,67.0,17.0,59
2011,74,7781.0,96,72,51.0,21.0,24
2011,78,5964.0,58,31,25.0,6.0,27
2011,82,54057.0,584,389,280.0,109.0,195
2011,86,18060.0,212,138,95.0,43.0,74
2011,90,29902.0,423,312,258.0,54.0,111
2011,94,2552.0,18,10,8.0,2.0,8
2011,98,362.0,8,3,1.0,2.0,5
2011,99,1923.0,13,11,7.0,4.0,2
2011,GBA,208044.0,2532,1595,1087.0,508.0,937
2012,00,738318.0,8227,5541,4041.0,1500.0,2686
2012,02,43733.0,365,262,190.0,72.0,103
2012,06,282031.0,3218,2132,1479.0,653.0,1086
2012,10,6324.0,56,37,28.0,9.0,19
2012,14,56864.0,549,357,251.0,106.0,192
2012,18,19639.0,282,212,162.0,50.0,70
2012,22,22041.0,293,165,124.0,41.0,128
2012,26,9696.0,95,68,52.0,16.0,27
2012,30,21874.0,237,158,110.0,48.0,79
2012,34,12005.0,208,141,115.0,26.0,67
2012,38,12908.0,155,96,74.0,22.0,59
2012,42,5373.0,48,30,27.0,3.0,18
2012,46,6270.0,86,55,41.0,14.0,31
2012,50,33074.0,314,222,165.0,57.0,92
2012,54,25510.0,287,170,141.0,29.0,117
2012,58,11136.0,77,54,41.0,13.0,23
2012,62,11810.0,111,78,59.0,19.0,33
2012,66,26518.0,343,240,182.0,58.0,103
2012,70,14411.0,142,87,73.0,14.0,55
2012,74,7641.0,83,53,44.0,9.0,30
2012,78,5818.0,52,37,27.0,10.0,15
2012,82,54056.0,556,394,294.0,100.0,162
2012,86,16182.0,187,140,99.0,41.0,47
2012,90,28989.0,409,300,222.0,78.0,109
2012,94,2708.0,20,13,9.0,4.0,7
2012,98,308.0,8,4,4.0,0.0,4
2012,99,1399.0,46,36,28.0,8.0,10
2012,GBA,200621.0,2388,1581,1076.0,505.0,807
2013,00,754603.0,8174,5572,4020.0,1552.0,2602
2013,02,43615.0,390,283,186.0,97.0,107
2013,06,289451.0,3180,2095,1496.0,599.0,1085
2013,10,6570.0,64,46,35.0,11.0,18
2013,14,55965.0,540,363,269.0,94.0,177
2013,18,19899.0,296,226,175.0,51.0,70
2013,22,22296.0,258,145,118.0,27.0,113
2013,26,10076.0,94,62,46.0,16.0,32
2013,30,22371.0,206,138,105.0,33.0,68
2013,34,11957.0,170,111,76.0,35.0,59
2013,38,13165.0,156,103,75.0,28.0,53
2013,42,5650.0,56,43,31.0,12.0,13
2013,46,6257.0,75,54,43.0,11.0,21
2013,50,34525.0,294,213,140.0,73.0,81
2013,54,25508.0,265,169,120.0,49.0,96
2013,58,11210.0,115,74,49.0,25.0,41
2013,62,12144.0,139,99,70.0,29.0,40
2013,66,27313.0,386,264,197.0,67.0,122
2013,70,14894.0,183,120,96.0,24.0,63
2013,74,7717.0,66,46,35.0,11.0,20
2013,78,5969.0,57,40,30.0,10.0,17
2013,82,56379.0,554,406,290.0,116.0,148
2013,86,17092.0,196,135,93.0,42.0,61
2013,90,29399.0,386,300,220.0,80.0,86
2013,94,2849.0,22,16,12.0,4.0,6
2013,98,394.0,8,4,3.0,1.0,4
2013,99,1938.0,18,17,10.0,7.0,1
2013,GBA,205610.0,2367,1569,1120.0,449.0,798
2014,00,777012.0,8202,5576,4019.0,1557.0,2626
2014,02,43716.0,355,246,178.0,68.0,109
2014,06,294329.0,3089,2004,1437.0,567.0,1085
2014,10,6840.0,63,45,29.0,16.0,18
2014,14,59246.0,529,358,248.0,110.0,171
2014,18,20933.0,333,251,180.0,71.0,82
2014,22,22798.0,292,178,142.0,36.0,114
2014,26,9881.0,80,56,38.0,18.0,24
2014,30,23318.0,231,172,123.0,49.0,59
2014,34,12531.0,178,116,76.0,40.0,62
2014,38,14025.0,145,113,83.0,30.0,32
2014,42,5619.0,38,28,20.0,8.0,10
2014,46,6287.0,84,60,45.0,15.0,24
2014,50,36098.0,355,242,179.0,63.0,113
2014,54,27511.0,267,176,124.0,52.0,91
2014,58,11933.0,110,74,48.0,26.0,36
2014,62,12339.0,107,69,59.0,10.0,38
2014,66,28346.0,362,251,189.0,62.0,111
2014,70,15528.0,173,120,100.0,20.0,53
2014,74,7932.0,87,57,46.0,11.0,30
2014,78,6156.0,61,44,33.0,11.0,17
2014,82,57798.0,601,415,287.0,128.0,186
2014,86,18180.0,199,135,81.0,54.0,64
2014,90,30393.0,403,322,239.0,83.0,81
2014,94,3038.0,25,18,13.0,5.0,7
2014,98,381.0,15,14,14.0,0.0,1
2014,99,1856.0,20,12,8.0,4.0,8
2014,GBA,208464.0,2329,1502,1061.0,441.0,827
2015,00,770040.0,7445,5059,3686.0,1373.0,2386
2015,02,41866.0,267,187,141.0,46.0,80
2015,06,287523.0,2837,1866,1347.0,519.0,971
2015,10,6835.0,75,49,42.0,7.0,26
2015,14,58558.0,493,354,245.0,109.0,139
2015,18,20658.0,300,225,160.0,65.0,75
2015,22,25952.0,300,187,129.0,58.0,113
2015,26,9858.0,68,50,31.0,19.0,18
2015,30,23572.0,246,172,126.0,46.0,74
2015,34,12331.0,155,98,77.0,21.0,57
2015,38,13265.0,142,96,72.0,24.0,46
2015,42,5398.0,48,36,28.0,8.0,12
2015,46,6274.0,71,51,31.0,20.0,20
2015,50,35476.0,310,206,151.0,55.0,104
2015,54,27168.0,244,151,112.0,39.0,93
2015,58,11838.0,103,80,62.0,18.0,23
2015,62,12734.0,105,72,57.0,15.0,33
2015,66,28379.0,334,221,167.0,54.0,113
2015,70,15168.0,138,95,70.0,25.0,43
2015,74,8101.0,76,51,33.0,18.0,25
2015,78,6336.0,69,52,35.0,17.0,17
2015,82,57439.0,479,327,242.0,85.0,152
2015,86,19061.0,159,100,66.0,34.0,59
2015,90,30188.0,375,295,229.0,66.0,80
2015,94,3037.0,23,16,12.0,4.0,7
2015,98,364.0,7,4,4.0,0.0,3
2015,99,2661.0,21,18,17.0,1.0,3
2015,GBA,202781.0,2070,1373,974.0,399.0,697
2016,00,728035.0,7093,4716,,,2377
2016,02,40136.0,302,221,,,81
2016,06,272471.0,2702,1705,,,997
2016,10,6685.0,78,55,,,23
2016,14,56460.0,504,350,,,154
2016,18,20033.0,271,195,,,76
2016,22,22023.0,262,167,,,95
2016,26,9608.0,86,73,,,13
2016,30,22195.0,231,152,,,79
2016,34,11369.0,170,98,,,72
2016,38,12380.0,143,108,,,35
2016,42,5222.0,41,24,,,17
2016,46,6182.0,58,43,,,15
2016,50,33378.0,266,176,,,90
2016,54,25319.0,260,151,,,109
2016,58,11238.0,84,60,,,24
2016,62,11924.0,84,52,,,32
2016,66,26273.0,310,210,,,100
2016,70,14017.0,114,81,,,33
2016,74,7504.0,73,52,,,21
2016,78,6119.0,56,39,,,17
2016,82,55971.0,460,334,,,126
2016,86,17515.0,188,124,,,64
2016,90,28306.0,310,226,,,84
2016,94,2829.0,19,13,,,6
2016,GBA,,1963,1235,,,728
2017,00,704609.0,6579,4550,3260.0,1290.0,2029
2017,02,35840.0,248,176,110.0,66.0,72
2017,06,262721.0,2471,1648,1147.0,501.0,823
2017,10,6392.0,50,34,22.0,12.0,16
2017,14,54804.0,507,355,252.0,103.0,152
2017,18,19987.0,255,203,155.0,48.0,52
2017,22,23125.0,253,159,118.0,41.0,94
2017,26,9023.0,61,38,28.0,10.0,23
2017,30,21966.0,181,140,94.0,46.0,41
2017,34,11591.0,186,133,95.0,38.0,53
2017,38,11785.0,124,89,74.0,15.0,35
2017,42,4979.0,43,28,21.0,7.0,15
2017,46,5895.0,60,39,24.0,15.0,21
2017,50,31420.0,245,172,117.0,55.0,73
2017,54,25738.0,215,141,97.0,44.0,74
2017,58,10397.0,74,49,36.0,13.0,25
2017,62,11513.0,93,70,52.0,18.0,23
2017,66,27014.0,297,211,161.0,50.0,86
2017,70,13705.0,146,110,88.0,22.0,36
2017,74,7225.0,60,43,29.0,14.0,17
2017,78,5747.0,48,36,25.0,11.0,12
2017,82,53206.0,480,323,237.0,86.0,157
2017,86,17783.0,134,87,72.0,15.0,47
2017,90,27369.0,316,248,193.0,55.0,68
2017,94,2718.0,19,14,9.0,5.0,5
2017,98,171.0,9,1,1.0,0.0,8
2017,99,2495.0,4,3,3.0,0.0,1
2017,GBA,184644.0,1820,1216,846.0,370.0,604
2018,00,685394.0,6048,4121,2940.0,1181.0,1927
2018,02,35467.0,212,153,111.0,42.0,59
2018,06,251377.0,2257,1491,1018.0,473.0,766
2018,10,6696.0,62,43,24.0,19.0,19
2018,14,53569.0,397,264,182.0,82.0,133
2018,18,19855.0,255,205,153.0,52.0,50
2018,22,24783.0,234,125,98.0,27.0,109
2018,26,8539.0,71,54,38.0,16.0,17
2018,30,21283.0,206,154,109.0,45.0,52
2018,34,11809.0,134,79,59.0,20.0,55
2018,38,11807.0,108,81,61.0,20.0,27
2018,42,4773.0,44,31,22.0,9.0,13
2018,46,5673.0,58,37,30.0,7.0,21
2018,50,30089.0,248,183,134.0,49.0,65
2018,54,24858.0,182,114,79.0,35.0,68
2018,58,10122.0,62,42,28.0,14.0,20
2018,62,10671.0,89,68,52.0,16.0,21
2018,66,25206.0,251,181,148.0,33.0,70
2018,70,13498.0,123,89,63.0,26.0,34
2018,74,7050.0,62,40,23.0,17.0,22
2018,78,5111.0,39,28,18.0,10.0,11
2018,82,51413.0,434,298,218.0,80.0,136
2018,86,18074.0,175,106,68.0,38.0,69
2018,90,27915.0,312,232,184.0,48.0,80
2018,94,2688.0,20,14,11.0,3.0,6
2018,98,192.0,6,3,3.0,0.0,3
2018,99,2876.0,7,6,6.0,0.0,1
2018,GBA,175334.0,1630,1076,720.0,356.0,554
2019,00,625441.0,5745,3905,2769.0,1136.0,1840
2019,02,33981.0,248,173,124.0,49.0,75
2019,06,227596.0,2064,1371,923.0,448.0,693
2019,10,5733.0,60,39,29.0,10.0,21
2019,14,50929.0,382,275,190.0,85.0,107
2019,18,18144.0,218,173,130.0,43.0,45
2019,22,22176.0,276,185,125.0,60.0,91
2019,26,7861.0,61,49,32.0,17.0,12
2019,30,19232.0,189,136,104.0,32.0,53
2019,34,10250.0,139,80,64.0,16.0,59
2019,38,10352.0,102,75,59.0,16.0,27
2019,42,4290.0,39,27,22.0,5.0,12
2019,46,5320.0,55,33,23.0,10.0,22
2019,50,27403.0,227,161,120.0,41.0,66
2019,54,23013.0,220,121,75.0,46.0,99
2019,58,9456.0,51,36,27.0,9.0,15
2019,62,9810.0,77,53,37.0,16.0,24
2019,66,22972.0,244,167,130.0,37.0,77
2019,70,12554.0,117,80,64.0,16.0,37
2019,74,6610.0,57,37,24.0,13.0,20
2019,78,4732.0,35,23,17.0,6.0,12
2019,82,47088.0,385,248,169.0,79.0,137
2019,86,16972.0,112,77,52.0,25.0,35
2019,90,25189.0,335,250,200.0,50.0,85
2019,94,2398.0,17,13,10.0,3.0,4
2019,98,158.0,10,2,1.0,1.0,8
2019,99,1222.0,25,21,18.0,3.0,4
2019,GBA,158693.0,1473,960,645.0,315.0,513
2020,00,533299.0,4505,3303,2419.0,884.0,1202
2020,02,28103.0,138,83,57.0,26.0,55
2020,06,191474.0,1574,1159,814.0,345.0,415
2020,10,4950.0,48,39,32.0,7.0,9
2020,14,44348.0,313,230,164.0,66.0,83
2020,18,16547.0,180,140,109.0,31.0,40
2020,22,18488.0,184,134,101.0,33.0,50
2020,26,6991.0,42,27,20.0,7.0,15
2020,30,17012.0,138,102,65.0,37.0,36
2020,34,9218.0,151,109,84.0,25.0,42
2020,38,9145.0,82,62,44.0,18.0,20
2020,42,3743.0,30,20,15.0,5.0,10
2020,46,4562.0,38,28,22.0,6.0,10
2020,50,23455.0,178,132,96.0,36.0,46
2020,54,21137.0,193,136,106.0,30.0,57
2020,58,8141.0,42,27,20.0,7.0,15
2020,62,8689.0,66,51,36.0,15.0,15
2020,66,18026.0,224,167,134.0,33.0,57
2020,70,10942.0,95,79,64.0,15.0,16
2020,74,5993.0,48,41,31.0,10.0,7
2020,78,4126.0,36,27,19.0,8.0,9
2020,82,39662.0,332,239,168.0,71.0,93
2020,86,13675.0,109,66,52.0,14.0,43
2020,90,21640.0,224,176,144.0,32.0,48
2020,94,1886.0,14,10,6.0,4.0,4
2020,98,80.0,2,1,1.0,0.0,1
2020,99,1266.0,24,18,15.0,3.0,6
2020,GBA,132479.0,1117,826,577.0,249.0,291
2021,00,529794.0,4238,3029,2160.0,869.0,1209
2021,02,26044.0,121,86,63.0,23.0,35
2021,06,190096.0,1505,1049,691.0,358.0,456
2021,10,4764.0,36,27,19.0,8.0,9
2021,14,44159.0,293,193,148.0,45.0,100
2021,18,15743.0,177,137,92.0,45.0,40
2021,22,18673.0,178,126,87.0,39.0,52
2021,26,6426.0,59,46,32.0,14.0,13
2021,30,16402.0,156,110,85.0,25.0,46
2021,34,8818.0,102,75,60.0,15.0,27
2021,38,8434.0,84,69,55.0,14.0,15
2021,42,3573.0,17,10,9.0,1.0,7
2021,46,4605.0,49,34,26.0,8.0,15
2021,50,22903.0,160,121,89.0,32.0,39
2021,54,20584.0,172,113,80.0,33.0,59
2021,58,7769.0,37,25,16.0,9.0,12
2021,62,8033.0,69,47,39.0,8.0,22
2021,66,20366.0,178,125,95.0,30.0,53
2021,70,11147.0,81,67,54.0,13.0,14
2021,74,6007.0,59,40,29.0,11.0,19
2021,78,3536.0,26,21,16.0,5.0,5
2021,82,43310.0,339,253,180.0,73.0,86
2021,86,13623.0,92,63,45.0,18.0,29
2021,90,21987.0,217,167,130.0,37.0,50
2021,94,1753.0,10,9,7.0,2.0,1
2021,98,73.0,0,0,0.0,0.0,0
2021,99,966.0,21,16,13.0,3.0,5
2021,GBA,130299.0,1071,732,482.0,250.0,339
2022,00,495295.0,4162,2864,2023.0,841.0,1298
2022,02,24690.0,148,110,78.0,32.0,38
2022,06,174074.0,1370,910,613.0,297.0,460
2022,10,4784.0,28,21,12.0,9.0,7
2022,14,41588.0,311,216,156.0,60.0,95
2022,18,14405.0,196,149,103.0,46.0,47
2022,22,18106.0,197,125,88.0,37.0,72
2022,26,6161.0,52,33,25.0,8.0,19
2022,30,15107.0,163,124,81.0,43.0,39
2022,34,8484.0,128,91,73.0,18.0,37
2022,38,7819.0,62,44,36.0,8.0,18
2022,42,3499.0,24,19,9.0,10.0,5
2022,46,4391.0,47,38,29.0,9.0,9
2022,50,21283.0,143,100,76.0,24.0,43
2022,54,19575.0,161,101,80.0,21.0,60
2022,58,7510.0,33,18,12.0,6.0,15
2022,62,8066.0,66,49,30.0,19.0,17
2022,66,18719.0,167,101,74.0,27.0,66
2022,70,10421.0,86,66,57.0,9.0,20
2022,74,5561.0,47,31,25.0,6.0,16
2022,78,3665.0,36,28,16.0,12.0,8
2022,82,41442.0,344,239,171.0,68.0,105
2022,86,11677.0,105,66,42.0,24.0,39
2022,90,20616.0,226,172,128.0,44.0,54
2022,94,1547.0,6,4,2.0,2.0,2
2022,98,117.0,5,2,1.0,1.0,3
2022,99,1988.0,11,7,6.0,1.0,4
2022,GBA,119515.0,944,632,422.0,210.0,312
2023,00,460902.0,3689,2525,1760.0,765.0,1164
2023,02,23988.0,131,97,60.0,37.0,34
2023,06,162380.0,1232,808,567.0,241.0,424
2023,10,4248.0,37,22,12.0,10.0,15
2023,14,38126.0,285,210,150.0,60.0,75
2023,18,14253.0,166,119,86.0,33.0,47
2023,22,16769.0,159,92,60.0,32.0,67
2023,26,5434.0,28,20,16.0,4.0,8
2023,30,14073.0,133,106,67.0,39.0,27
2023,34,8250.0,84,62,38.0,24.0,22
2023,38,7365.0,53,40,31.0,9.0,13
2023,42,3238.0,29,20,12.0,8.0,9
2023,46,4184.0,43,25,19.0,6.0,18
2023,50,20036.0,117,86,61.0,25.0,31
2023,54,18932.0,166,101,70.0,31.0,65
2023,58,6891.0,48,36,22.0,14.0,12
2023,62,7375.0,52,38,24.0,14.0,14
2023,66,16974.0,166,113,82.0,31.0,53
2023,70,9795.0,87,70,52.0,18.0,17
2023,74,4963.0,30,20,17.0,3.0,10
2023,78,3139.0,36,25,16.0,9.0,11
2023,82,37635.0,322,221,150.0,71.0,101
2023,86,11871.0,98,60,39.0,21.0,38
2023,90,18537.0,164,119,97.0,22.0,45
2023,94,1440.0,12,8,6.0,2.0,4
2023,98,214.0,6,4,3.0,1.0,2
2023,99,792.0,5,3,3.0,0.0,2
2023,GBA,111710.0,882,568,401.0,167.0,314
2024,00,413135.0,3513,2476,1740.0,736.0,1036
2024,02,21454.0,106,71,,,35
2024,06,147081.0,1236,874,,,362
2024,10,3866.0,31,22,,,9
2024,14,33873.0,231,160,,,71
2024,18,12538.0,175,135,,,40
2024,22,14350.0,170,105,,,65
2024,26,5054.0,27,18,,,9
2024,30,12548.0,111,90,,,21
2024,34,6711.0,72,49,,,23
2024,38,6352.0,38,25,,,13
2024,42,3039.0,20,13,,,7
2024,46,3503.0,41,31,,,10
2024,50,18505.0,141,105,,,36
2024,54,16469.0,156,90,,,66
2024,58,6790.0,48,34,,,14
2024,62,6721.0,56,47,,,9
2024,66,14410.0,145,90,,,55
2024,70,8701.0,80,61,,,19
2024,74,4410.0,28,21,,,7
2024,78,2696.0,19,14,,,5
2024,82,33713.0,275,198,,,77
2024,86,11401.0,122,86,,,36
2024,90,16661.0,170,128,,,42
2024,94,1259.0,7,6,,,1
2024,98,128.0,3,2,,,1
2024,99,902.0,5,1,,,3
