anio,tipo,total,lt500,g500_999,g1000_1499,g1500_1999,g2000_2499,g2500_2999,g3000_3499,g3500mas,sin_esp
2011,nv,758042,225,2774,5306,11170,34481,130414,302598,263684,7390
2012,nv,738318,200,2805,5045,10603,33459,126681,294249,255003,10273
2013,nv,754603,302,2945,5275,10973,35878,130752,301670,259319,7489
2014,nv,777012,261,3060,5393,10911,35557,134296,315882,264369,7283
2015,nv,770040,268,2888,5375,11035,35092,133552,307498,262985,11347
2016,nv,728035,235,2776,5067,10448,33797,126875,292988,249482,6367
2017,nv,704609,212,2692,4877,10714,32814,123019,283440,240989,5852
2018,nv,685394,229,2628,4728,10479,32074,119695,275037,233665,6859
2019,nv,625441,234,2533,5039,9480,30006,112337,252092,208885,4835
2020,nv,533299,146,2011,3716,7571,24333,91371,208548,183674,11929
2021,nv,529794,121,1989,3563,7812,24609,92637,209488,176873,12702
2022,nv,495295,101,2095,3754,7866,24915,92923,199702,159471,4468
2023,nv,460902,221,1861,3388,7439,22787,89045,184186,148266,3709
2024,nv,413135,117,1835,3280,6684,21672,83289,165892,128556,1810
2011,def,8878,NA,1939,1022,722,778,946,983,691,1797
2012,def,8227,NA,1952,896,690,681,801,932,648,1627
2013,def,8174,NA,2074,939,624,640,842,886,569,1600
2014,def,8202,NA,2116,976,691,727,813,880,602,1397
2015,def,7445,NA,2125,957,626,690,732,825,584,906
2016,def,7093,NA,2018,893,606,633,745,800,552,846
2017,def,6579,NA,1899,826,536,552,639,697,518,912
2018,def,6048,NA,1742,720,483,541,590,609,418,945
2019,def,5745,NA,1670,693,444,494,587,593,394,870
2020,def,4505,NA,1387,577,394,375,459,483,323,507
2021,def,4238,NA,1285,555,384,381,431,441,312,449
2022,def,4162,NA,1273,554,332,371,444,450,275,463
2023,def,3689,NA,1133,458,330,292,405,356,218,497
2024,def,3513,NA,1129,450,319,313,386,402,242,272
