anio,prov,nv,m20,edb,edns,bpn,pns,pret,gns,def,P,Q,R,J,AB,VY,OT,neo,pneo
2005,02,43633,2926,8712,329,3154,383,3182,365,351,166,96,4,58,12,4,11,0,0
2005,06,262786,32722,107816,9455,19965,3194,21326,8539,3420,1636,839,234,313,138,100,160,0,0
2005,10,7202,1370,2393,351,485,112,434,49,121,80,23,4,2,3,3,6,0,0
2005,14,55662,7650,15656,507,3812,761,4393,1157,663,353,182,54,13,7,26,28,0,0
2005,18,19805,3853,9653,1375,1449,234,1436,2730,361,213,62,24,19,17,11,15,0,0
2005,22,23140,5658,13092,279,1651,617,1563,1225,461,254,90,24,31,20,12,30,0,0
2005,26,8550,1440,2679,3,497,3,558,7,100,48,31,7,6,1,6,1,0,0
2005,30,21875,3906,9172,198,1663,36,1413,9,289,170,65,22,8,8,5,11,0,0
2005,34,12176,2663,7172,477,884,165,843,164,279,135,63,3,20,21,6,31,0,0
2005,38,12971,2439,4325,25,849,65,813,8,209,96,54,11,5,8,23,12,0,0
2005,42,5441,982,2079,167,386,59,398,7,62,37,13,1,1,0,6,4,0,0
2005,46,6679,1250,2252,7,516,50,422,33,92,45,13,8,10,6,2,8,0,0
2005,50,31542,4655,12795,92,2103,127,2002,171,357,179,99,4,14,4,36,21,0,0
2005,54,23679,5174,14385,580,1537,491,1390,2454,346,184,27,17,37,18,11,52,0,0
2005,58,10426,1741,2899,114,642,15,717,41,103,45,36,5,5,3,5,4,0,0
2005,62,11003,1975,3263,38,700,17,922,47,103,53,25,13,2,4,1,5,0,0
2005,66,26130,4479,11213,161,1745,371,1937,1331,373,219,62,19,6,4,42,21,0,0
2005,70,14240,2085,6714,180,1023,161,975,193,238,119,66,3,28,7,6,9,0,0
2005,74,8138,1364,3111,59,582,31,586,53,130,67,39,3,7,3,4,7,0,0
2005,78,4898,794,1242,110,344,44,411,30,54,32,11,1,2,1,4,3,0,0
2005,82,51940,9254,22409,598,3766,1023,4646,1539,643,345,162,57,40,16,6,17,0,0
2005,86,17642,3382,10991,26,1087,586,2005,36,207,115,25,13,26,11,2,15,0,0
2005,90,28225,4759,13979,554,1888,394,1954,1476,457,287,93,12,17,16,14,18,0,0
2005,94,2388,378,341,9,118,16,151,73,16,10,2,2,1,0,0,1,0,0
2005,98,281,53,180,5,26,0,26,11,6,3,0,1,0,2,0,0,0,0
2005,99,1768,157,158,1447,152,218,132,221,66,33,28,1,2,0,0,2,0,0
2006,02,44065,3138,8871,277,3167,306,3379,221,366,172,107,6,42,12,4,23,0,0
2006,06,261941,33970,100374,10500,19520,2603,21744,5743,3284,1486,833,255,336,145,88,141,0,0
2006,10,6837,1360,2245,253,448,60,402,169,105,53,25,10,4,2,8,3,0,0
2006,14,54222,7865,14153,190,3763,314,4326,497,627,303,198,37,26,13,22,28,0,0
2006,18,18561,3696,8353,1823,1374,192,1477,2276,324,201,65,8,12,15,7,16,0,0
2006,22,20235,4909,11071,214,1468,422,1532,1439,382,207,86,16,20,19,12,22,0,0
2006,26,8994,1577,2578,0,549,14,638,10,103,62,24,5,4,3,3,2,0,0
2006,30,21181,3853,9128,181,1589,26,1472,19,267,144,68,12,18,13,4,8,0,0
2006,34,11237,2541,6230,144,846,157,898,99,272,151,60,9,14,14,11,13,0,0
2006,38,12153,2195,3822,10,784,61,797,18,206,111,50,10,5,8,17,5,0,0
2006,42,5383,964,2271,169,341,59,388,0,54,24,17,1,1,1,9,1,0,0
2006,46,6220,1164,1989,15,415,52,354,23,88,43,26,7,4,5,1,2,0,0
2006,50,32232,4932,12902,101,2187,155,2140,180,382,194,112,3,24,3,27,19,0,0
2006,54,20848,4525,13708,294,1217,284,1167,623,356,169,52,19,45,19,8,44,0,0
2006,58,10852,1789,2687,76,720,19,805,27,106,50,26,9,1,5,9,6,0,0
2006,62,10966,1948,3049,60,704,14,918,23,102,47,27,13,3,3,3,6,0,0
2006,66,24828,4144,9519,137,1744,263,1965,1153,370,156,91,16,36,27,19,25,0,0
2006,70,13971,2009,6219,147,991,116,911,123,196,92,60,2,22,7,10,3,0,0
2006,74,8468,1451,3234,46,589,5,582,17,108,61,27,2,5,3,9,1,0,0
2006,78,5119,826,1194,117,397,37,495,40,79,50,14,2,4,2,2,5,0,0
2006,82,50602,9270,20982,320,3709,595,4625,983,555,279,145,51,31,18,5,26,0,0
2006,86,16926,3490,10173,8,1146,395,1666,55,204,104,29,17,25,17,4,8,0,0
2006,90,26567,4469,12047,346,1776,306,1990,1391,359,199,84,5,37,8,7,19,0,0
2006,94,2395,343,347,11,122,17,127,399,26,11,7,1,4,0,2,1,0,0
2006,98,286,53,177,12,18,4,17,9,7,1,5,0,0,0,0,1,0,0
2006,99,1362,170,199,1000,130,101,113,92,58,32,15,2,4,0,2,3,0,0
2007,02,42737,3092,8656,342,3042,419,3168,491,359,159,111,3,42,9,3,32,0,0
2007,06,263343,35799,101591,9557,19573,3048,21800,5690,3590,1588,772,283,414,250,112,171,0,0
2007,10,6969,1342,2253,240,474,39,444,308,104,55,31,5,4,3,3,3,0,0
2007,14,53963,7988,13516,153,3783,234,4302,328,688,343,188,56,32,17,26,26,0,0
2007,18,18982,3873,8276,2357,1407,440,1391,1841,296,168,66,10,21,11,4,16,0,0
2007,22,19173,4688,10224,211,1382,480,1463,1420,406,213,78,23,44,16,10,22,0,0
2007,26,9213,1597,2536,136,539,51,676,7,101,51,27,5,11,3,0,4,0,0
2007,30,20985,3917,8939,87,1571,34,1412,28,249,117,76,24,15,3,2,12,0,0
2007,34,11241,2504,6239,199,838,166,967,48,257,145,54,10,10,15,8,15,0,0
2007,38,12469,2187,3665,32,744,40,806,14,189,86,48,5,7,10,26,7,0,0
2007,42,5336,1043,2223,130,342,52,359,5,63,42,10,3,3,2,3,0,0,0
2007,46,6138,1079,2039,21,419,146,366,103,79,49,17,2,1,1,7,2,0,0
2007,50,33000,5161,12787,121,2225,121,2153,150,372,191,97,2,23,3,43,13,0,0
2007,54,21639,4647,14589,444,1298,354,1218,956,315,164,34,18,30,16,8,45,0,0
2007,58,11022,1940,2529,70,735,12,859,24,106,43,41,5,5,4,5,3,0,0
2007,62,11214,2075,3006,68,733,11,929,25,110,71,26,5,5,1,2,0,0,0
2007,66,24808,4084,9474,159,1713,324,1972,1215,382,196,67,10,62,11,9,27,0,0
2007,70,14254,2101,6318,59,940,89,881,90,188,106,47,3,15,3,8,6,0,0
2007,74,8265,1248,2968,59,631,6,637,20,130,72,29,1,4,1,15,8,0,0
2007,78,5276,896,1276,229,333,42,466,75,68,35,16,4,3,0,4,6,0,0
2007,82,50644,9437,21457,291,3669,705,4593,1247,587,294,146,61,40,15,8,23,0,0
2007,86,16634,3311,9833,11,1069,364,1583,37,229,109,34,21,42,10,3,10,0,0
2007,90,28765,4869,13185,291,2189,280,2337,1636,371,224,66,7,39,9,5,21,0,0
2007,94,2551,387,338,20,168,14,160,515,26,14,6,1,1,0,4,0,0,0
2007,98,246,32,124,38,12,15,15,19,4,1,1,0,1,0,0,1,0,0
2007,99,1925,264,359,1298,119,189,121,173,31,21,8,1,1,0,0,0,0,0
2008,02,45820,3244,8335,263,3102,427,3417,589,354,167,105,7,39,5,2,29,0,0
2008,06,280318,37241,103653,9463,20841,2810,23447,5633,3463,1609,840,263,348,176,82,145,0,0
2008,10,7206,1359,2207,300,480,46,441,217,110,71,19,5,3,4,2,6,0,0
2008,14,58073,8648,14281,154,4058,293,4480,365,704,377,195,53,20,6,19,34,0,0
2008,18,19984,3978,8415,2220,1597,253,1655,1617,341,212,63,11,19,20,9,7,0,0
2008,22,21919,5276,11023,273,1653,400,1707,1232,395,202,80,20,43,14,10,26,0,0
2008,26,9864,1595,2573,307,580,71,662,9,103,57,29,6,4,4,2,1,0,0
2008,30,21538,4021,9180,53,1653,32,1516,48,291,156,84,15,17,5,4,10,0,0
2008,34,12222,2624,6371,299,849,95,1056,110,235,109,52,15,19,16,4,20,0,0
2008,38,12963,2179,3569,32,847,62,898,64,182,92,51,5,7,6,10,11,0,0
2008,42,5512,969,1964,126,416,16,441,1,82,43,23,3,3,1,6,3,0,0
2008,46,6487,1124,2023,37,442,63,405,194,97,53,17,8,5,3,4,7,0,0
2008,50,34860,5395,13365,113,2426,82,2331,115,376,193,107,1,27,11,24,13,0,0
2008,54,24936,5495,13474,843,1791,376,1543,3853,347,174,51,13,38,25,4,42,0,0
2008,58,11529,1901,2834,99,791,21,1004,43,85,39,31,4,1,2,5,3,0,0
2008,62,11882,2076,2976,71,781,30,1030,32,139,70,43,11,6,0,3,6,0,0
2008,66,26211,4308,9673,165,1752,339,2115,1048,378,168,87,15,54,19,6,29,0,0
2008,70,14425,2237,5909,47,1102,79,944,86,207,104,76,3,10,3,5,6,0,0
2008,74,8449,1294,3137,28,638,6,643,15,111,64,28,2,4,2,5,6,0,0
2008,78,5651,974,1432,257,349,40,468,86,60,33,13,1,2,3,2,6,0,0
2008,82,54804,10051,21573,454,4037,1017,5134,1339,629,324,176,47,23,18,7,34,0,0
2008,86,17715,3556,10211,17,1205,308,1874,31,185,107,23,13,22,5,3,12,0,0
2008,90,29428,4786,12879,328,2059,338,2301,1339,407,267,76,5,25,15,1,18,0,0
2008,94,2629,392,371,33,152,13,188,296,18,11,4,3,0,0,0,0,0,0
2008,98,318,51,170,9,28,3,27,13,7,4,1,0,1,0,0,1,0,0
2008,99,1717,197,120,1219,141,245,106,215,35,18,11,3,1,0,1,1,0,0
2009,02,44615,3123,8361,340,3090,418,3314,752,377,174,122,7,29,10,2,33,0,0
2009,06,279941,38298,100667,9313,20467,3185,23290,6780,3488,1612,865,273,332,174,93,139,0,0
2009,10,6876,1383,1880,385,447,62,431,223,100,65,16,6,2,2,4,5,0,0
2009,14,58595,8637,13650,1047,4018,221,4554,322,627,303,184,58,27,12,18,25,0,0
2009,18,20373,4126,8481,2236,1519,549,1613,1840,312,183,75,17,17,8,4,8,0,0
2009,22,21703,5309,10577,313,1559,534,1658,1422,386,197,60,22,51,22,10,24,0,0
2009,26,9921,1591,2396,211,572,32,683,17,93,61,25,0,2,1,3,1,0,0
2009,30,22228,4137,8965,35,1561,24,1542,55,263,122,68,31,14,3,6,19,0,0
2009,34,11969,2702,6386,319,867,96,890,97,245,104,57,10,29,17,9,19,0,0
2009,38,13226,2252,3633,32,806,51,833,43,152,81,36,5,5,3,20,2,0,0
2009,42,5493,1015,1837,171,397,24,448,5,75,44,21,1,4,1,1,3,0,0
2009,46,6237,1098,1985,37,439,88,349,188,91,47,18,7,3,8,4,4,0,0
2009,50,34435,5461,12890,136,2291,57,2288,104,342,158,111,5,13,4,40,11,0,0
2009,54,25918,5599,13847,1537,1723,758,1514,3467,336,157,55,23,34,18,8,41,0,0
2009,58,11639,1950,2619,69,732,4,970,26,89,44,31,5,2,1,3,3,0,0
2009,62,11773,2105,2736,58,749,21,1005,33,104,53,34,4,4,3,1,5,0,0
2009,66,26133,4389,9511,3,1708,290,2127,974,367,178,79,13,56,17,9,15,0,0
2009,70,14520,2410,5561,54,1011,111,884,106,160,76,51,3,16,3,4,7,0,0
2009,74,8134,1439,2828,182,565,18,623,18,105,51,36,1,6,0,6,5,0,0
2009,78,5806,947,1334,410,351,80,477,132,60,32,17,3,1,1,3,3,0,0
2009,82,53830,9748,19990,338,3987,787,5012,925,595,281,180,45,34,16,9,30,0,0
2009,86,19129,3867,10994,6,1222,94,2698,55,232,117,35,13,32,18,2,15,0,0
2009,90,28546,4626,11817,237,2149,203,2220,753,375,281,61,3,10,4,2,14,0,0
2009,94,2619,351,326,87,142,24,150,396,12,4,6,0,1,0,0,1,0,0
2009,98,341,82,159,20,31,9,34,12,3,2,1,0,0,0,0,0,0,0
2009,99,1336,179,97,1059,112,116,93,138,37,19,13,2,2,0,1,0,0,0
2010,02,45429,3106,7969,393,3111,376,3416,902,320,142,96,5,34,15,1,27,0,0
2010,06,288831,38451,98304,11352,21435,6178,24419,8351,3457,1517,888,257,329,176,108,182,0,0
2010,10,6818,1320,1735,572,491,44,465,138,105,86,10,5,1,2,1,0,0,0
2010,14,58540,8588,12281,2065,4150,217,4501,229,649,318,199,66,16,8,9,33,0,0
2010,18,20477,4179,8211,1739,1572,314,1749,1364,345,225,69,11,17,7,5,11,0,0
2010,22,22717,5837,11014,419,1560,667,1763,1415,333,156,60,27,41,13,9,27,0,0
2010,26,9981,1585,2252,21,603,9,748,18,98,55,29,4,5,1,2,2,0,0
2010,30,22357,4169,8310,74,1614,2,2325,18,260,144,67,20,19,1,2,7,0,0
2010,34,11730,2721,5858,284,827,90,928,64,209,108,47,11,18,7,8,10,0,0
2010,38,13395,2430,3520,30,902,6,911,13,180,118,46,4,4,3,2,3,0,0
2010,42,5533,981,1604,197,366,2,420,4,39,13,14,2,5,0,2,3,0,0
2010,46,6118,1125,1841,14,406,48,428,94,77,40,22,4,5,4,1,1,0,0
2010,50,34134,5296,11812,43,2421,38,2305,62,399,205,124,2,17,1,38,12,0,0
2010,54,24637,5156,12540,2368,1623,1586,1515,3776,324,161,51,16,31,16,10,39,0,0
2010,58,12205,1952,2695,50,829,2,1043,13,112,55,38,6,3,3,4,3,0,0
2010,62,12060,2076,2722,63,817,22,1083,38,113,67,26,4,6,4,2,4,0,0
2010,66,27790,4874,9819,377,1807,247,2134,908,355,160,96,13,41,16,17,12,0,0
2010,70,14189,2356,5068,20,1008,8,865,16,156,78,49,1,9,1,13,5,0,0
2010,74,7928,1458,2671,532,574,22,668,30,85,48,22,0,3,0,6,6,0,0
2010,78,6087,976,1982,116,369,76,523,178,59,30,19,2,1,3,0,4,0,0
2010,82,53152,9384,18131,131,3819,33,4897,517,545,299,135,39,32,9,7,24,0,0
2010,86,17546,3664,9395,7,1119,71,1812,17,245,116,46,19,33,14,4,13,0,0
2010,90,30400,5284,12435,223,2281,200,2433,800,429,314,101,0,2,0,3,9,0,0
2010,94,2519,332,268,9,167,2,214,19,25,13,8,2,0,0,2,0,0,0
2010,98,353,78,171,10,22,7,27,10,9,2,3,0,0,0,3,1,0,0
2010,99,1250,213,93,960,107,50,93,86,33,17,10,1,3,1,1,0,0,0
2011,02,45280,3161,8218,371,3188,325,3674,1020,400,183,125,1,35,12,7,37,0,0
2011,06,291102,39435,95420,9929,21582,4197,24698,7361,3439,1537,832,247,373,204,110,136,0,0
2011,10,6579,1353,1801,207,471,19,589,37,92,58,11,9,3,1,1,9,0,0
2011,14,57861,8382,11775,2148,4048,194,4664,311,623,323,183,44,18,8,21,26,0,0
2011,18,20839,4384,7784,2306,1564,285,1711,1275,327,210,56,14,24,14,3,6,0,0
2011,22,24472,6130,11449,407,1688,731,1815,1182,279,108,76,16,43,13,4,19,0,0
2011,26,9832,1545,2099,179,583,9,702,2,100,65,26,2,1,2,1,3,0,0
2011,30,22216,4062,7680,91,1624,55,2351,3,245,103,79,28,13,7,5,10,0,0
2011,34,12196,3002,5400,741,807,64,1102,82,259,130,61,7,31,13,4,13,0,0
2011,38,13859,2708,3246,23,955,6,1179,4,179,84,57,14,4,6,13,1,0,0
2011,42,5381,887,1608,118,333,2,432,3,56,33,11,1,6,0,1,4,0,0
2011,46,6312,1202,1690,48,392,27,534,49,104,51,15,6,11,9,0,12,0,0
2011,50,34175,5328,11601,30,2242,38,2109,45,331,155,119,4,16,1,28,8,0,0
2011,54,21803,4748,10382,1108,1495,583,1624,2262,298,147,54,11,39,15,6,26,0,0
2011,58,11234,1824,2295,33,683,12,866,2,84,39,25,10,2,0,5,3,0,0
2011,62,11992,1963,2483,53,775,18,1107,16,115,62,27,13,4,1,4,4,0,0
2011,66,27913,4937,9788,715,1881,85,2725,373,392,182,90,18,56,18,7,21,0,0
2011,70,14395,2460,5024,12,983,9,1151,3,143,55,48,2,17,2,13,6,0,0
2011,74,7781,1412,2400,571,531,17,700,15,96,57,23,1,2,0,8,5,0,0
2011,78,5964,882,1775,129,324,91,455,101,58,30,10,9,1,3,3,2,0,0
2011,82,54057,9424,17193,667,4109,47,5228,100,584,308,150,46,12,27,14,27,0,0
2011,86,18060,3761,9046,52,1147,235,1774,188,212,115,37,20,17,11,2,10,0,0
2011,90,29902,5317,11346,192,2216,216,2763,701,423,279,90,4,31,9,1,9,0,0
2011,94,2552,357,216,5,143,0,221,6,18,8,5,1,3,0,0,1,0,0
2011,98,362,58,170,10,33,4,38,6,8,1,5,0,0,1,1,0,0,0
2011,99,1923,290,249,1141,159,121,174,171,13,6,5,0,2,0,0,0,0,0
2012,02,43733,3026,7800,332,3113,478,3487,1159,365,186,111,2,20,6,5,35,0,0
2012,06,282031,37673,84019,14670,20302,7954,24023,9655,3218,1499,846,221,290,147,81,134,0,0
2012,10,6324,1264,1687,79,424,16,337,52,56,33,13,6,2,0,1,1,0,0
2012,14,56864,7959,10748,432,3877,375,4261,459,549,234,179,54,14,7,34,27,0,0
2012,18,19639,4049,6581,2632,1439,160,1681,894,282,165,64,9,14,9,12,9,0,0
2012,22,22041,5444,9230,348,1599,261,1946,434,293,116,72,22,27,18,15,23,0,0
2012,26,9696,1430,1902,200,605,1,738,1,95,60,24,3,1,0,1,6,0,0
2012,30,21874,4007,6757,98,1584,42,2320,111,237,112,79,13,17,6,3,7,0,0
2012,34,12005,2925,5029,989,924,95,944,124,208,110,52,4,19,7,3,13,0,0
2012,38,12908,2406,2891,17,835,5,910,1,155,78,27,11,4,10,16,9,0,0
2012,42,5373,855,1483,172,361,3,378,1,48,21,18,3,2,1,2,1,0,0
2012,46,6270,1128,1509,42,356,2,417,6,86,46,22,5,6,2,2,3,0,0
2012,50,33074,5082,10682,15,2029,8,2035,15,314,139,116,1,16,5,25,12,0,0
2012,54,25510,5728,11909,1620,1792,444,1957,1997,287,123,69,20,31,25,8,11,0,0
2012,58,11136,1754,1903,46,707,0,929,2,77,41,20,8,3,1,2,2,0,0
2012,62,11810,1866,2188,68,774,14,1065,30,111,59,37,8,3,0,1,3,0,0
2012,66,26518,4741,8381,765,1775,7,2001,307,343,194,61,22,35,14,7,10,0,0
2012,70,14411,2448,4676,0,929,1,763,2,142,51,52,4,15,2,9,9,0,0
2012,74,7641,1294,1838,814,544,42,677,46,83,42,21,3,4,1,6,6,0,0
2012,78,5818,798,1726,103,361,42,504,99,52,23,17,3,6,1,0,2,0,0
2012,82,54056,9089,16763,402,4129,44,5276,192,556,307,144,34,23,17,9,22,0,0
2012,86,16182,3436,7466,15,1059,87,1845,43,187,128,21,9,15,4,2,8,0,0
2012,90,28989,5258,10315,184,2282,137,2577,679,409,258,92,9,38,4,2,6,0,0
2012,94,2708,375,231,4,161,0,167,1,20,12,3,2,0,0,1,2,0,0
2012,98,308,46,140,8,24,3,27,4,8,4,2,0,0,0,0,2,0,0
2012,99,1399,211,156,976,127,52,128,87,46,27,13,0,4,1,0,1,0,0
2013,02,43615,2949,6892,407,3109,303,3430,589,390,196,131,2,22,7,1,31,0,0
2013,06,289451,38393,79464,18184,21361,5571,25864,6499,3180,1450,857,210,279,150,86,148,0,0
2013,10,6570,1328,1606,61,434,19,416,44,64,46,9,5,1,2,1,0,0,0
2013,14,55965,7709,9958,136,3963,282,4337,349,540,273,153,54,16,5,17,22,0,0
2013,18,19899,4216,5977,2821,1416,79,1578,993,296,178,74,6,14,11,5,8,0,0
2013,22,22296,5437,8542,241,1711,279,2004,481,258,115,62,17,29,8,7,20,0,0
2013,26,10076,1477,1838,192,607,3,733,2,94,54,27,2,3,2,2,4,0,0
2013,30,22371,3954,6306,94,1679,60,2401,157,206,121,47,20,12,1,2,3,0,0
2013,34,11957,2917,4815,1054,865,37,1066,50,170,93,34,5,14,9,8,7,0,0
2013,38,13165,2583,2463,14,842,1,893,4,156,83,31,8,5,10,10,9,0,0
2013,42,5650,908,1587,194,402,1,419,3,56,36,14,2,1,0,2,1,0,0
2013,46,6257,1137,1467,61,425,6,427,17,75,46,15,0,11,2,1,0,0,0
2013,50,34525,5445,10261,28,2306,12,2221,19,294,164,76,2,11,3,34,4,0,0
2013,54,25508,5863,11671,1855,1821,321,2170,1357,265,120,67,8,34,15,6,15,0,0
2013,58,11210,1728,1923,16,689,4,947,5,115,56,40,7,4,1,1,6,0,0
2013,62,12144,1916,2102,69,805,28,1104,67,139,84,35,8,10,1,0,1,0,0
2013,66,27313,5639,7122,71,1891,6,2188,27,386,215,63,24,36,26,9,13,0,0
2013,70,14894,2650,4524,2,1011,0,817,5,183,88,55,4,11,3,16,6,0,0
2013,74,7717,1325,1726,857,546,96,673,95,66,33,17,1,2,0,8,5,0,0
2013,78,5969,889,1338,190,347,45,488,103,57,25,23,3,2,1,0,3,0,0
2013,82,56379,9198,17125,298,5452,43,5284,198,554,294,160,33,18,16,7,26,0,0
2013,86,17092,3762,7517,2,1050,110,1825,59,196,109,44,11,5,9,5,13,0,0
2013,90,29399,5346,9688,165,2262,112,2792,251,386,257,85,10,23,2,2,7,0,0
2013,94,2849,317,200,5,173,0,245,1,22,13,5,1,1,2,0,0,0,0
2013,98,394,81,174,20,33,1,28,3,8,4,1,2,0,0,0,1,0,0
2013,99,1938,219,120,1409,173,70,190,84,18,7,9,0,1,1,0,0,0,0
2014,02,43716,2857,8284,563,3124,369,3549,730,355,187,111,3,26,6,1,21,0,0
2014,06,294329,36855,76948,19385,21007,5279,23965,6446,3089,1419,869,198,271,117,96,119,0,0
2014,10,6840,1380,1428,63,528,64,450,91,63,39,16,1,1,1,3,2,0,0
2014,14,59246,7959,9931,873,4065,239,4590,185,529,289,180,14,7,5,13,21,0,0
2014,18,20933,4221,5322,4033,1476,175,1803,243,333,198,74,11,13,18,6,13,0,0
2014,22,22798,5351,8377,233,1862,183,2148,288,292,130,84,22,23,9,7,17,0,0
2014,26,9881,1382,1582,338,601,0,745,1,80,55,15,2,4,0,2,2,0,0
2014,30,23318,4155,6360,213,1737,77,2566,164,231,135,72,9,8,0,3,4,0,0
2014,34,12531,2982,4523,1079,947,21,1293,21,178,85,52,5,19,5,7,5,0,0
2014,38,14025,2719,2560,2,946,0,1096,0,145,85,36,2,3,5,11,3,0,0
2014,42,5619,842,1363,219,405,1,444,1,38,21,14,2,0,0,1,0,0,0
2014,46,6287,1039,1915,158,409,48,482,90,84,59,7,1,7,5,3,2,0,0
2014,50,36098,5488,8560,37,2469,20,2415,25,355,170,123,0,27,3,18,14,0,0
2014,54,27511,6380,10178,7036,1971,366,2335,873,267,111,81,12,28,13,8,14,0,0
2014,58,11933,1749,1943,11,762,0,1010,3,110,52,41,5,2,0,6,4,0,0
2014,62,12339,1852,2208,86,750,20,1043,65,107,56,30,5,2,3,4,7,0,0
2014,66,28346,5914,7348,143,2046,0,2325,6,362,188,90,11,37,21,6,9,0,0
2014,70,15528,2842,5597,1,1017,0,885,0,173,82,56,8,9,4,9,5,0,0
2014,74,7932,1287,1868,421,548,125,681,131,87,43,25,2,5,2,5,5,0,0
2014,78,6156,805,1379,451,335,59,461,113,61,34,12,4,2,3,1,5,0,0
2014,82,57798,9183,16221,206,4237,6,5487,112,601,302,188,38,14,14,14,31,0,0
2014,86,18180,3606,7732,6,1134,32,1861,5,199,113,35,13,12,9,8,9,0,0
2014,90,30393,5441,9501,163,2406,97,3021,179,403,260,104,6,22,0,1,10,0,0
2014,94,3038,373,198,69,209,2,248,9,25,13,9,1,0,1,1,0,0,0
2014,98,381,84,171,48,34,9,32,10,15,8,7,0,0,0,0,0,0,0
2014,99,1856,206,95,1366,157,91,148,116,20,5,12,1,1,0,0,1,0,0
2015,02,41866,2500,8424,465,3043,763,3405,939,267,130,97,3,12,3,4,18,0,0
2015,06,287523,33940,68517,22163,20358,8952,23373,6995,2837,1319,798,184,251,121,42,122,0,0
2015,10,6835,1321,1267,41,482,90,442,144,75,37,21,9,1,2,2,3,0,0
2015,14,58558,7669,9176,796,4008,207,4582,242,493,246,151,48,7,5,18,18,0,0
2015,18,20658,4024,5030,3473,1481,158,1682,239,300,183,66,4,10,22,6,9,0,0
2015,22,25952,6062,9426,221,1985,257,2389,294,300,140,72,18,28,14,7,21,0,0
2015,26,9858,1361,1305,348,650,3,785,1,68,41,23,1,1,0,0,2,0,0
2015,30,23572,4070,6253,236,1748,51,2449,183,246,129,77,7,14,4,5,10,0,0
2015,34,12331,2913,4329,1342,929,1,1141,5,155,69,46,8,16,4,1,11,0,0
2015,38,13265,2519,2173,3,898,2,927,3,142,70,40,4,4,3,11,10,0,0
2015,42,5398,761,1212,243,343,0,379,1,48,32,10,2,2,0,1,1,0,0
2015,46,6274,1029,1315,92,399,40,521,91,71,47,10,2,5,5,1,1,0,0
2015,50,35476,4997,7640,36,2311,13,2351,24,310,152,94,3,13,3,35,10,0,0
2015,54,27168,6053,10856,3530,1963,55,2207,106,244,108,73,7,22,8,4,22,0,0
2015,58,11838,1682,1717,43,762,3,951,5,103,62,30,4,5,0,1,1,0,0
2015,62,12734,1804,2125,117,869,17,1146,30,105,51,38,5,3,2,1,5,0,0
2015,66,28379,5627,6867,19,2037,0,2212,9,334,181,72,14,36,11,10,10,0,0
2015,70,15168,2544,4280,8,1049,1,910,5,138,71,44,5,9,2,6,1,0,0
2015,74,8101,1253,1824,173,599,64,714,66,76,31,24,2,3,0,12,4,0,0
2015,78,6336,846,1345,586,414,47,521,70,69,35,22,4,5,0,0,3,0,0
2015,82,57439,8941,15130,420,4270,5,5626,295,479,237,146,37,16,14,5,24,0,0
2015,86,19061,3775,7968,8,1195,96,2041,33,159,92,23,12,14,9,3,6,0,0
2015,90,30188,5451,8806,151,2420,104,2999,177,375,236,98,8,24,4,0,5,0,0
2015,94,3037,306,174,99,176,0,229,13,23,11,6,2,1,0,1,2,0,0
2015,98,364,81,159,20,37,2,38,3,7,4,0,0,1,0,0,2,0,0
2015,99,2661,170,252,1762,232,416,242,451,21,14,4,1,0,0,0,2,0,0
2016,02,40136,2165,6920,557,2896,791,3153,857,302,165,87,2,17,7,2,22,0,0
2016,06,272471,30669,55261,32719,19853,4288,22867,5989,2702,1209,740,191,247,149,54,112,0,0
2016,10,6685,1127,1244,37,465,97,455,147,78,37,25,8,4,0,1,3,0,0
2016,14,56460,6955,8187,175,4019,166,4566,67,504,248,140,46,20,8,20,22,0,0
2016,18,20033,3680,4125,4406,1392,206,2016,273,271,169,54,13,13,11,4,7,0,0
2016,22,22023,4877,7221,311,1722,252,2103,398,262,116,72,9,20,16,9,20,0,0
2016,26,9608,1133,1049,715,661,2,813,4,86,56,23,0,2,0,2,3,0,0
2016,30,22195,3641,5127,168,1614,40,2357,58,231,110,62,19,17,1,3,19,0,0
2016,34,11369,2654,3560,2069,920,3,1224,6,170,84,32,9,19,11,2,13,0,0
2016,38,12380,2229,1839,2,798,2,862,7,143,80,42,4,3,2,9,3,0,0
2016,42,5222,713,1236,293,351,2,375,1,41,17,12,1,5,2,3,1,0,0
2016,46,6182,922,1166,53,395,36,511,69,58,32,17,3,2,0,0,4,0,0
2016,50,33378,4376,6139,40,2247,22,2356,31,266,116,94,1,19,1,28,7,0,0
2016,54,25319,5523,10129,2188,1890,6,2195,23,260,101,75,20,44,13,2,5,0,0
2016,58,11238,1545,1490,90,684,10,910,6,84,42,26,6,2,2,1,5,0,0
2016,62,11924,1486,1901,39,736,9,1061,34,84,36,29,5,5,5,3,1,0,0
2016,66,26273,4909,5673,121,1882,36,2179,203,310,183,71,13,15,11,15,2,0,0
2016,70,14017,2229,3161,1,962,10,793,0,114,59,36,3,7,2,4,3,0,0
2016,74,7504,1155,1412,370,552,74,707,64,73,44,17,1,2,0,6,3,0,0
2016,78,6119,775,1078,17,369,19,561,8,56,27,14,4,2,1,4,4,0,0
2016,82,55971,7980,13275,239,4103,6,5376,250,460,252,117,37,13,15,2,24,0,0
2016,86,17515,3416,7119,7,1121,11,2172,4,188,107,35,14,13,4,4,11,0,0
2016,90,28306,4629,7282,121,2235,47,3654,80,310,185,77,5,34,0,3,6,0,0
2016,94,2829,278,151,17,192,5,255,13,19,9,8,0,1,0,0,1,0,0
2016,98,251,59,91,9,22,1,20,4,11,0,9,0,0,0,0,2,0,0
2016,99,2627,199,194,1625,242,226,252,234,10,4,5,0,0,0,0,1,0,0
2017,02,35840,1884,5378,439,2528,577,2795,732,248,133,77,3,15,1,1,18,0,0
2017,06,262721,30720,60743,7254,19943,4289,22227,7145,2471,1176,730,146,175,110,30,104,0,0
2017,10,6392,1052,1154,89,498,71,461,96,50,22,18,5,2,1,0,2,0,0
2017,14,54804,6550,7179,178,3914,54,4404,80,507,268,129,19,28,15,21,27,0,0
2017,18,19987,3641,4028,3797,1407,210,1959,322,255,165,54,8,8,13,3,4,0,0
2017,22,23125,4709,7209,226,1878,184,2032,196,253,119,67,15,18,11,6,17,0,0
2017,26,9023,998,814,1109,555,2,683,4,61,30,22,0,3,2,2,2,0,0
2017,30,21966,3438,4050,316,1591,19,2348,77,181,107,46,7,12,1,3,5,0,0
2017,34,11591,2510,3583,1923,884,17,1325,28,186,95,54,2,23,7,0,5,0,0
2017,38,11785,1917,1630,20,715,0,798,5,124,71,32,7,1,1,7,5,0,0
2017,42,4979,630,878,73,351,0,365,0,43,23,13,1,3,0,3,0,0,0
2017,46,5895,847,1078,78,421,2,550,40,60,38,14,1,3,1,0,3,0,0
2017,50,31420,3778,5298,49,2076,26,2201,32,245,125,73,0,7,4,27,9,0,0
2017,54,25738,5109,10010,2361,1851,0,2226,8,215,95,66,6,26,4,3,15,0,0
2017,58,10397,1225,1399,70,674,0,864,4,74,38,23,5,3,1,3,1,0,0
2017,62,11513,1316,1879,90,725,12,1055,24,93,56,25,3,2,3,0,4,0,0
2017,66,27014,4945,5627,387,1836,62,2370,286,297,179,79,10,4,6,13,6,0,0
2017,70,13705,1885,2851,14,872,2,738,3,146,75,49,3,7,4,4,4,0,0
2017,74,7225,994,1242,225,572,22,812,30,60,29,24,1,2,0,2,2,0,0
2017,78,5747,692,956,22,364,2,521,5,48,29,9,3,2,2,2,1,0,0
2017,82,53206,7157,10117,274,4008,11,5050,113,480,223,151,35,23,15,6,27,0,0
2017,86,17783,3335,6842,20,1047,2,1785,13,134,71,25,7,8,8,2,13,0,0
2017,90,27369,4368,6839,154,2144,75,3576,56,316,201,79,4,24,1,2,5,0,0
2017,94,2718,230,146,26,207,1,280,6,19,12,2,2,1,0,0,2,0,0
2017,98,171,27,63,4,15,0,16,0,9,1,3,1,1,1,1,1,0,0
2017,99,2495,122,130,1397,233,212,264,236,4,2,0,0,1,0,1,0,0,0
2018,02,35467,1530,4775,548,2468,607,2884,1088,212,115,66,4,14,4,1,8,0,0
2018,06,251377,28028,41568,36811,18885,5108,21225,5790,2257,1055,623,167,181,120,28,83,0,0
2018,10,6696,1038,967,75,464,90,485,108,62,33,14,2,6,1,1,5,0,0
2018,14,53569,5952,6592,103,3874,60,4361,20,397,182,133,27,20,12,8,15,0,0
2018,18,19855,3497,4083,4584,1409,82,1963,355,255,171,52,7,7,4,3,11,0,0
2018,22,24783,4956,8162,316,1958,125,2239,109,234,94,60,23,16,15,9,17,0,0
2018,26,8539,864,513,1094,598,0,686,1,71,42,25,2,0,0,1,1,0,0
2018,30,21283,3111,3474,289,1532,18,2011,40,206,114,64,16,8,2,0,2,0,0
2018,34,11809,2581,2685,1785,805,18,1372,19,134,60,33,7,18,3,3,10,0,0
2018,38,11807,1861,1588,0,708,0,807,2,108,71,24,1,3,0,7,2,0,0
2018,42,4773,569,565,19,343,0,376,2,44,22,17,2,0,0,2,1,0,0
2018,46,5673,736,1011,33,414,12,505,18,58,27,18,0,4,0,4,5,0,0
2018,50,30089,3371,4658,42,2032,22,2201,27,248,123,84,1,5,3,20,12,0,0
2018,54,24858,4737,9001,2332,1828,6,2180,15,182,77,53,7,17,3,5,20,0,0
2018,58,10122,1065,1187,101,618,0,837,2,62,28,22,1,3,1,4,3,0,0
2018,62,10671,1098,1641,106,700,47,1167,49,89,47,29,8,1,0,2,2,0,0
2018,66,25206,4449,5298,184,1856,59,2236,373,251,147,66,9,6,6,8,9,0,0
2018,70,13498,1900,2725,2,967,6,895,0,123,74,33,3,4,1,6,2,0,0
2018,74,7050,872,974,404,509,56,753,69,62,33,18,1,2,1,6,1,0,0
2018,78,5111,558,884,14,281,0,353,1,39,24,8,4,1,0,2,0,0,0
2018,82,51413,6496,9500,825,4009,18,5188,66,434,223,108,32,21,13,9,28,0,0
2018,86,18074,3223,7109,387,1242,4,1870,1,175,80,45,20,15,5,1,9,0,0
2018,90,27915,4209,6673,119,2194,118,3391,48,312,181,85,4,27,1,4,10,0,0
2018,94,2688,216,115,23,201,1,256,2,20,11,4,1,1,1,1,1,0,0
2018,98,192,31,50,19,12,2,12,3,6,1,5,0,0,0,0,0,0,0
2018,99,2876,170,268,1641,231,400,248,386,7,4,1,2,0,0,0,0,0,0
2019,02,33981,1173,3086,11170,2769,151,2792,267,248,128,84,1,12,3,3,17,0,0
2019,06,227596,23195,38281,16742,17440,3559,20036,3704,2064,967,563,154,172,81,43,84,0,0
2019,10,5733,780,657,62,435,55,390,134,60,31,18,0,3,3,1,4,0,0
2019,14,50929,5223,5663,301,3654,53,4127,82,382,205,110,23,19,7,5,13,0,0
2019,18,18144,3005,3084,3742,1412,34,1775,28,218,125,65,8,7,3,2,8,0,0
2019,22,22176,3921,6878,197,1810,172,2181,187,276,112,90,12,20,18,9,15,0,0
2019,26,7861,727,430,1044,507,3,662,1,61,36,17,4,3,1,0,0,0,0
2019,30,19232,2491,3060,156,1523,45,1478,122,189,99,58,7,4,3,6,12,0,0
2019,34,10250,1994,1783,1798,809,7,1287,11,139,68,31,2,15,7,5,11,0,0
2019,38,10352,1362,1187,7,684,0,748,4,102,62,29,2,2,1,3,3,0,0
2019,42,4290,434,459,8,325,0,336,1,39,27,6,2,1,1,1,1,0,0
2019,46,5320,583,904,18,397,10,479,23,55,36,11,1,3,0,2,2,0,0
2019,50,27403,2666,3612,27,1870,1,2067,10,227,116,78,8,6,1,10,8,0,0
2019,54,23013,4184,7752,1669,1751,0,2063,10,220,88,75,6,30,4,5,12,0,0
2019,58,9456,892,961,55,595,9,804,41,51,18,24,6,1,0,2,0,0,0
2019,62,9810,899,1443,103,711,28,944,61,77,41,21,8,1,0,3,3,0,0
2019,66,22972,3691,4513,178,1790,41,2012,370,244,136,53,12,5,9,17,12,0,0
2019,70,12554,1694,2588,7,891,4,810,6,117,60,34,4,5,2,8,4,0,0
2019,74,6610,756,645,659,501,210,693,200,57,24,21,2,0,0,4,6,0,0
2019,78,4732,462,725,44,315,0,418,3,35,25,6,0,1,0,1,2,0,0
2019,82,47088,5334,8389,229,3680,42,4626,144,385,177,108,37,20,16,2,25,0,0
2019,86,16972,2756,6526,148,1149,5,1678,8,112,65,25,5,9,3,0,5,0,0
2019,90,25189,3254,5720,112,2015,90,2956,25,335,204,74,7,34,5,3,8,0,0
2019,94,2398,155,115,13,175,0,256,11,17,11,4,0,1,0,0,1,0,0
2019,98,158,20,42,7,7,0,12,0,10,0,5,0,1,0,2,2,0,0
2019,99,1222,90,91,831,77,316,79,327,25,19,5,1,0,0,0,0,0,0
2020,02,28103,895,3044,4725,2010,153,2283,68,138,67,52,2,2,0,0,15,0,0
2020,06,191474,17000,27371,21276,13442,10131,15110,11332,1574,833,444,85,69,49,22,72,0,0
2020,10,4950,550,430,61,344,87,361,166,48,28,15,1,1,1,0,2,0,0
2020,14,44348,3946,5271,557,3012,286,3388,304,313,165,96,36,1,1,9,5,0,0
2020,18,16547,2308,2429,3484,1226,73,1454,32,180,120,37,8,3,5,0,7,0,0
2020,22,18488,2856,5229,280,1408,169,1629,132,184,76,71,13,8,4,4,8,0,0
2020,26,6991,546,423,837,446,0,559,6,42,24,11,4,0,0,2,1,0,0
2020,30,17012,1936,2471,142,1152,65,1183,161,138,69,43,9,6,2,1,8,0,0
2020,34,9218,1600,1709,2684,728,5,1168,20,151,87,37,5,12,7,1,2,0,0
2020,38,9145,1010,1059,3,578,0,665,6,82,52,14,3,1,0,7,5,0,0
2020,42,3743,277,299,1,263,0,300,9,30,20,6,2,1,0,1,0,0,0
2020,46,4562,427,769,46,356,2,436,9,38,21,10,1,1,0,3,2,0,0
2020,50,23455,1940,2717,12,1557,3,1650,13,178,93,70,5,1,1,2,6,0,0
2020,54,21137,3333,6795,1524,1472,18,1750,29,193,96,68,5,8,5,5,6,0,0
2020,58,8141,689,825,90,486,8,678,45,42,19,15,4,0,1,1,2,0,0
2020,62,8689,729,1036,974,607,15,868,43,66,39,20,3,1,2,0,1,0,0
2020,66,18026,2521,3179,226,1310,43,1554,376,224,119,61,12,3,7,12,10,0,0
2020,70,10942,1347,1937,0,723,1,625,0,95,58,25,2,1,0,5,4,0,0
2020,74,5993,616,523,138,520,7,705,8,48,29,18,0,0,0,0,1,0,0
2020,78,4126,357,580,30,261,3,301,2,36,24,6,4,1,1,0,0,0,0
2020,82,39662,4056,7706,227,3077,63,3924,159,332,174,100,18,9,9,4,18,0,0
2020,86,13675,1830,5539,36,872,4,1376,19,109,52,31,5,6,6,4,5,0,0
2020,90,21640,2320,4898,69,1756,81,2741,286,224,152,56,5,0,4,0,7,0,0
2020,94,1886,112,75,13,118,3,167,7,14,11,2,0,0,0,1,0,0,0
2020,98,80,14,19,5,8,0,11,0,2,0,1,1,0,0,0,0,0,0
2020,99,1266,45,57,932,45,709,56,689,24,11,7,5,1,0,0,0,0,0
2021,02,26044,650,2753,2179,1745,45,2091,54,121,61,44,1,6,2,0,7,0,0
2021,06,190096,14761,25440,28602,13429,11542,16003,10140,1505,740,447,65,76,57,33,87,0,0
2021,10,4764,460,520,34,358,52,365,87,36,24,9,2,0,0,0,1,0,0
2021,14,44159,3503,5250,30,3177,74,3528,101,293,168,82,23,2,1,9,8,0,0
2021,18,15743,2025,2113,3204,1094,2,1268,5,177,107,48,6,5,1,2,8,0,0
2021,22,18673,2786,5208,318,1627,127,1693,106,178,80,63,7,5,9,6,8,0,0
2021,26,6426,463,419,881,416,0,512,1,59,32,18,3,0,1,2,3,0,0
2021,30,16402,1654,3249,136,1142,22,1213,222,156,84,49,9,3,2,1,8,0,0
2021,34,8818,1472,1755,2458,654,2,1107,7,102,59,25,3,4,5,1,5,0,0
2021,38,8434,742,901,0,583,0,703,3,84,57,22,1,1,1,0,2,0,0
2021,42,3573,260,287,3,229,0,276,3,17,10,3,1,1,0,1,1,0,0
2021,46,4605,380,718,19,335,7,436,10,49,35,12,0,2,0,0,0,0,0
2021,50,22903,1717,2432,26,1566,11,1688,20,160,80,56,5,2,1,6,10,0,0
2021,54,20584,3157,6453,1094,1544,1,1828,28,172,82,56,11,9,2,5,7,0,0
2021,58,7769,555,777,59,485,2,677,27,37,17,14,4,0,0,1,1,0,0
2021,62,8033,578,931,1043,531,43,792,87,69,39,22,4,1,0,0,3,0,0
2021,66,20366,2481,3835,203,1466,51,1809,388,178,94,49,8,3,7,7,10,0,0
2021,70,11147,1245,1761,0,795,0,725,0,81,47,23,3,1,0,2,5,0,0
2021,74,6007,541,587,183,459,24,645,26,59,34,15,2,2,0,4,2,0,0
2021,78,3536,293,559,8,237,0,299,3,26,13,8,3,0,0,0,2,0,0
2021,82,43310,4190,8508,239,3346,7,4286,50,339,180,110,17,4,8,3,17,0,0
2021,86,13623,1650,6972,71,852,0,1410,14,92,54,22,4,3,1,0,8,0,0
2021,90,21987,1952,4662,84,1885,39,3149,220,217,146,40,7,14,0,2,8,0,0
2021,94,1753,79,60,19,115,0,171,3,10,4,6,0,0,0,0,0,0,0
2021,98,73,8,17,10,4,7,7,8,0,0,0,0,0,0,0,0,0,0
2021,99,966,28,41,774,20,644,29,640,21,10,6,2,1,1,1,0,0,0
2022,02,24690,644,2208,2428,1771,44,2099,46,148,84,44,5,7,1,1,6,0,0
2022,06,174074,14240,21123,19837,13486,3456,15360,3734,1370,648,392,66,102,54,40,68,0,0
2022,10,4784,417,582,40,369,1,377,8,28,12,11,0,2,0,2,1,0,0
2022,14,41588,3494,4638,56,3137,16,3437,37,311,162,80,34,8,4,6,17,0,0
2022,18,14405,1808,1601,3346,1228,1,1170,51,196,126,41,6,6,9,2,6,0,0
2022,22,18106,2549,5040,390,1567,188,1627,183,197,96,49,12,6,10,7,17,0,0
2022,26,6161,410,332,713,433,1,521,1,52,28,9,3,4,2,1,5,0,0
2022,30,15107,1449,2803,59,1232,1,1215,38,163,93,34,14,7,4,1,10,0,0
2022,34,8484,1260,1685,2018,692,0,1028,2,128,81,24,4,8,5,4,2,0,0
2022,38,7819,609,816,0,577,4,626,2,62,38,14,2,5,0,2,1,0,0
2022,42,3499,278,279,6,266,1,294,2,24,14,7,1,1,0,0,1,0,0
2022,46,4391,335,586,21,362,0,484,4,47,36,6,1,2,1,0,1,0,0
2022,50,21283,1594,2148,17,1565,4,1662,9,143,68,46,3,5,1,12,8,0,0
2022,54,19575,2758,5632,987,1663,26,1870,21,161,69,53,1,22,0,1,15,0,0
2022,58,7510,467,817,19,469,9,627,18,33,18,6,1,1,0,0,7,0,0
2022,62,8066,555,829,775,564,9,726,4,66,38,20,5,1,0,0,2,0,0
2022,66,18719,2220,3275,218,1440,42,1819,366,167,89,34,8,10,5,11,10,0,0
2022,70,10421,1097,1562,5,795,3,749,5,86,44,22,8,0,2,6,4,0,0
2022,74,5561,482,414,254,448,13,505,12,47,27,12,4,1,0,1,2,0,0
2022,78,3665,293,518,7,229,0,297,5,36,19,12,2,1,0,0,2,0,0
2022,82,41442,4119,7601,321,3480,8,4356,54,344,177,100,18,8,13,1,27,0,0
2022,86,11677,1249,5723,42,947,4,1271,11,105,59,14,11,8,2,1,10,0,0
2022,90,20616,1767,4221,84,1810,70,2702,163,226,153,40,7,12,2,1,11,0,0
2022,94,1547,75,115,9,106,1,137,2,6,2,2,0,1,0,1,0,0,0
2022,98,117,24,33,7,7,2,10,2,5,0,5,0,0,0,0,0,0,0
2022,99,1988,104,13,1899,88,564,106,564,11,7,1,2,1,0,0,0,0,0
2023,02,23988,619,2497,1659,1563,67,1876,66,131,68,47,3,2,1,1,9,0,0
2023,06,162380,13452,18345,14304,11903,2941,15058,2692,1232,604,357,57,70,30,44,70,0,0
2023,10,4248,354,425,10,319,1,383,1,37,16,16,1,1,0,2,1,0,0
2023,14,38126,3132,4085,40,2981,13,3248,9,285,164,69,25,6,0,10,11,0,0
2023,18,14253,1596,2261,3160,1231,1,1279,4,166,102,39,10,9,0,2,4,0,0
2023,22,16769,2194,3744,159,1554,145,1465,102,159,66,43,10,9,10,8,13,0,0
2023,26,5434,332,272,599,363,0,459,0,28,18,3,0,1,3,1,2,0,0
2023,30,14073,1288,2716,55,1196,2,1227,28,133,82,37,6,1,1,1,5,0,0
2023,34,8250,1185,1413,2892,675,1,1046,0,84,52,18,3,3,3,3,2,0,0
2023,38,7365,481,670,2,504,0,634,0,53,27,20,2,0,1,2,1,0,0
2023,42,3238,215,312,20,276,0,321,0,29,21,5,2,0,0,0,1,0,0
2023,46,4184,309,526,13,312,1,456,1,43,27,11,1,1,0,0,3,0,0
2023,50,20036,1549,2021,22,1488,0,1621,4,117,59,50,0,2,2,2,2,0,0
2023,54,18932,2667,5555,1323,1598,34,1665,6,166,78,46,3,24,4,1,10,0,0
2023,58,6891,451,616,61,478,0,637,20,48,24,18,4,0,0,2,0,0,0
2023,62,7375,509,797,435,523,2,772,4,52,29,15,3,1,1,1,2,0,0
2023,66,16974,1922,2657,259,1362,37,1735,285,166,71,55,3,11,13,9,4,0,0
2023,70,9795,1014,1313,1,825,1,763,1,87,41,31,2,3,3,2,5,0,0
2023,74,4963,366,295,245,460,23,520,21,30,13,11,1,1,0,4,0,0,0
2023,78,3139,252,414,4,219,0,307,0,36,23,8,2,1,0,1,1,0,0
2023,82,37635,3593,5858,142,3307,2,4042,2,322,165,92,21,15,10,2,17,0,0
2023,86,11871,1340,4721,6,865,1,1288,2,98,58,28,0,4,3,1,4,0,0
2023,90,18537,1628,4068,11,1539,44,2328,7,164,103,38,3,7,1,3,9,0,0
2023,94,1440,66,103,6,103,0,130,2,12,9,1,0,1,0,1,0,0,0
2023,98,214,28,59,7,18,2,23,3,6,0,5,0,0,0,0,1,0,0
2023,99,792,18,13,696,34,391,38,283,5,2,0,1,0,0,1,1,0,0
2024,02,21454,504,1760,7088,1489,46,1713,49,106,58,33,0,1,1,2,11,71,35
2024,06,147081,11966,13675,13435,11247,1310,13943,1305,1236,686,334,48,51,28,42,47,874,362
2024,10,3866,324,329,34,360,0,364,0,31,12,12,2,0,0,4,1,22,9
2024,14,33873,2612,3329,76,2794,59,2976,67,231,119,74,12,10,3,3,10,160,71
2024,18,12538,1425,1260,3032,1083,0,1145,0,175,111,42,4,10,3,1,4,135,40
2024,22,14350,1754,2874,322,1409,53,1207,49,170,78,49,11,5,6,7,14,105,65
2024,26,5054,318,249,613,336,0,480,2,27,14,7,0,0,1,4,1,18,9
2024,30,12548,1126,1998,52,1085,2,1105,143,111,76,21,9,0,1,1,3,90,21
2024,34,6711,966,1152,1812,579,0,898,5,72,42,16,2,6,3,2,1,49,23
2024,38,6352,440,500,2,456,1,546,2,38,17,14,3,1,1,1,1,25,13
2024,42,3039,234,403,141,248,0,316,0,20,11,2,4,2,0,0,1,13,7
2024,46,3503,246,389,4,304,1,403,7,41,27,13,0,0,0,0,1,31,10
2024,50,18505,1555,1534,20,1546,3,1526,9,141,79,46,3,3,0,9,1,105,36
2024,54,16469,2098,4718,1151,1457,9,1615,4,156,67,50,6,15,8,2,8,90,66
2024,58,6790,449,547,90,487,7,627,7,48,25,18,3,2,0,0,0,34,14
2024,62,6721,459,707,196,564,1,718,1,56,41,11,2,0,1,1,0,47,9
2024,66,14410,1609,2007,236,1236,34,1627,236,145,78,30,4,5,13,9,6,90,55
2024,70,8701,955,1133,8,765,5,660,8,80,38,27,5,0,1,1,8,61,19
2024,74,4410,319,272,123,411,8,479,6,28,13,11,0,0,0,3,1,21,7
2024,78,2696,183,291,13,189,0,268,0,19,12,4,2,0,0,1,0,14,5
2024,82,33713,2987,4656,320,3027,8,3666,19,275,159,64,13,12,6,5,16,198,77
2024,86,11401,1288,3959,21,848,0,1183,5,122,80,25,1,5,3,1,7,86,36
2024,90,16661,1364,2674,32,1524,24,2366,13,170,103,39,6,9,5,1,7,128,42
2024,94,1259,49,39,10,83,1,113,1,7,5,2,0,0,0,0,0,6,1
2024,98,128,20,29,5,6,0,10,1,3,0,3,0,0,0,0,0,2,1
2024,99,902,42,8,829,55,238,64,145,5,0,1,1,0,0,3,0,1,3
