provincia;pob2010;nbi2010;nbimas1_2010;nbi2022;nbimas1_2022
Total del país;39672520;4984681;;4297176;558963
Ciudad Autónoma de Buenos Aires;2827535;198677;;185312;22982
Buenos Aires;15481752;1747250;;1572973;200579
Catamarca;362534;52924;;37730;4155
Córdoba;3258534;286059;;250297;23733
Corrientes;985404;195192;;183367;32482
Chaco;1047853;243933;;160939;20268
Chubut;497969;53729;;41024;3524
Entre Ríos;1222585;142168;;120648;17303
Formosa;526996;133468;;91599;13657
Jujuy;666480;121237;;106637;16323
La Pampa;314749;18133;;15248;1541
La Rioja;331174;51441;;40439;3678
Mendoza;1720870;178476;;187460;24000
Misiones;1091733;210233;;140998;19913
Neuquén;541984;67790;;62108;7716
Río Negro;626142;73826;;61075;6812
Salta;1202595;286059;;241776;38894
San Juan;673335;95230;;91760;11449
San Luis;428486;46266;;49064;5962
Santa Cruz;264919;25871;;26782;3392
Santa Fe;3165670;302012;;259265;28744
Santiago del Estero;868355;198173;;134878;18181
Tierra del Fuego;124048;18049;;28602;3643
Tucumán;1440818;238485;;207195;30032
