provincia;h1980;h1991;h2001;h2010;h2022
Total del país;22.34;16.48;14.30;9.10;6.74
Ciudad Autónoma de Buenos Aires;7.40;7.00;7.09;5.98;5.00
Buenos Aires;19.85;14.67;12.97;8.14;6.35
Catamarca;37.60;24.60;18.37;11.35;7.00
Córdoba;19.40;12.80;11.10;6.01;4.00
Corrientes;40.60;26.90;24.05;15.10;12.00
Chaco;44.80;33.20;27.57;18.16;11.00
Chubut;29.80;19.40;13.43;8.45;5.00
Entre Ríos;27.90;17.20;14.72;8.05;6.00
Formosa;46.80;34.30;28.01;19.73;12.00
Jujuy;45.10;33.60;26.14;15.46;11.00
La Pampa;18.80;12.00;9.18;3.79;3.00
La Rioja;31.60;23.60;17.41;12.24;8.00
Mendoza;20.40;15.30;13.10;7.61;6.00
Misiones;39.20;30.00;23.50;15.65;9.00
Neuquén;33.90;19.10;15.49;10.36;7.00
Río Negro;32.80;20.70;16.10;9.42;6.00
Salta;42.40;33.90;27.50;19.41;14.00
San Juan;26.00;17.20;14.30;10.24;8.00
San Luis;27.70;18.70;13.00;7.88;7.00
Santa Cruz;22.70;15.20;10.10;8.22;6.00
Santa Fe;20.00;14.00;11.90;6.43;5.00
Santiago del Estero;45.80;33.60;26.20;17.62;10.00
Tierra del Fuego;25.60;25.50;15.50;14.24;13.00
Tucumán;36.60;24.60;20.50;13.28;10.00
