prov,provincia,region,nbi_nombre,h1980,h1991,h2001,h2010,h2022,pob2010,nbi2010,nbi2022,nbimas1_2022,pob2022,os_prepaga,plan_estatal,sin_cobertura,pnbi2010,pnbi2022,pnbimas1_2022,p_sincob2022
02,CABA,Centro,Ciudad Autónoma de Buenos Aires,7.4,7,7.09,5.98,5,2827535,198677,185312,22982,3095454,2523833,66703,504918,7.0265089556804785,5.986585489559851,0.742443596318989,16.31159758794671
06,Buenos Aires,Centro,Buenos Aires,19.85,14.67,12.97,8.14,6.35,15481752,1747250,1572973,200579,17408906,10839210,458303,6111393,11.285867387618662,9.035450016215837,1.1521631514352482,35.10498017508969
10,Catamarca,NOA,Catamarca,37.6,24.6,18.37,11.35,7,362534,52924,37730,4155,427625,241714,11996,173915,14.598354912918513,8.823151125401928,0.971645717626425,40.66997953814674
14,Córdoba,Centro,Córdoba,19.4,12.8,11.1,6.01,4,3258534,286059,250297,23733,3812064,2414592,94910,1302562,8.778763701713716,6.565918095813711,0.6225761162456874,34.16946829853853
18,Corrientes,NEA,Corrientes,40.6,26.9,24.05,15.1,12,985404,195192,183367,32482,1209671,565680,114592,529399,19.808322271880368,15.158419107344063,2.6851929160904082,43.76388290700529
22,Chaco,NEA,Chaco,44.8,33.2,27.57,18.16,11,1047853,243933,160939,20268,1124603,486509,50843,587251,23.279314942076798,14.310738989670133,1.8022359890556936,52.21851622305827
26,Chubut,Patagonia,Chubut,29.8,19.4,13.43,8.45,5,497969,53729,41024,3524,589454,407993,17379,164082,10.78962746677002,6.959660974393252,0.5978413922036325,27.836268818262322
30,Entre Ríos,Centro,Entre Ríos,27.9,17.2,14.72,8.05,6,1222585,142168,120648,17303,1415097,873621,37164,504312,11.628475729703865,8.525775971541174,1.2227430345764283,35.63798100059572
34,Formosa,NEA,Formosa,46.8,34.3,28.01,19.73,12,526996,133468,91599,13657,605507,238904,28231,338372,25.32618843406781,15.127653354957085,2.2554652547369396,55.8824258018487
38,Jujuy,NOA,Jujuy,45.1,33.6,26.14,15.46,11,666480,121237,106637,16323,809364,403421,31696,374247,18.19064338014644,13.17540686267242,2.016768722107729,46.23964001364034
42,La Pampa,Patagonia,La Pampa,18.8,12,9.18,3.79,3,314749,18133,15248,1541,359193,223475,20582,115136,5.761098526127168,4.2450715910388,0.4290172692674969,32.05407677766549
46,La Rioja,NOA,La Rioja,31.6,23.6,17.41,12.24,8,331174,51441,40439,3678,382453,208775,14814,158864,15.532922270468092,10.573586819818383,0.9616867955016696,41.53817593272899
50,Mendoza,Cuyo,Mendoza,20.4,15.3,13.1,7.61,6,1720870,178476,187460,24000,2030773,1203989,56416,770368,10.371265697002098,9.230967715249317,1.1818159882960821,37.93471746965318
54,Misiones,NEA,Misiones,39.2,30,23.5,15.65,9,1091733,210233,140998,19913,1273347,603677,75768,593902,19.25681462408849,11.073022514679815,1.5638313829615964,46.64101772729665
58,Neuquén,Patagonia,Neuquén,33.9,19.1,15.49,10.36,7,541984,67790,62108,7716,708578,462374,22954,223250,12.507749306252583,8.76516064568756,1.0889415138488634,31.50676425178315
62,Río Negro,Patagonia,Río Negro,32.8,20.7,16.1,9.42,6,626142,73826,61075,6812,747697,464752,24173,258772,11.79061618610475,8.168415815497454,0.9110642412635065,34.60920667061657
66,Salta,NOA,Salta,42.4,33.9,27.5,19.41,14,1202595,286059,241776,38894,1434225,687387,60232,686606,23.786811021166727,16.857606024159388,2.7118478620857953,47.8729627499172
70,San Juan,Cuyo,San Juan,26,17.2,14.3,10.24,8,673335,95230,91760,11449,819445,428421,25232,365792,14.143034299420052,11.197822916730225,1.397165154464302,44.63899346508918
74,San Luis,Cuyo,San Luis,27.7,18.7,13,7.88,7,428486,46266,49064,5962,540548,313885,26843,199820,10.797552312094211,9.07671474133657,1.1029547792240466,36.96618986657984
78,Santa Cruz,Patagonia,Santa Cruz,22.7,15.2,10.1,8.22,6,264919,25871,26782,3392,335677,248919,29833,56925,9.765626474507302,7.978503144391781,1.0104952081912077,16.95826642873953
82,Santa Fe,Centro,Santa Fe,20,14,11.9,6.43,5,3165670,302012,259265,28744,3519059,2338488,99559,1081012,9.540223712515834,7.367452492271371,0.816809266340803,30.718780219371144
86,Santiago del Estero,NOA,Santiago del Estero,45.8,33.6,26.2,17.62,10,868355,198173,134878,18181,1057752,421833,43155,592764,22.82165704118707,12.751382176540439,1.7188339043556524,56.03997912554172
90,Tucumán,NOA,Tucumán,36.6,24.6,20.5,13.28,10,1440818,238485,207195,30032,1727337,1050656,81284,595397,16.552055846054117,11.99505365774021,1.7386300415031926,34.46907001934191
94,Tierra del Fuego,Patagonia,Tierra del Fuego,25.6,25.5,15.5,14.24,13,124048,18049,28602,3643,184958,135016,21569,28373,14.550012898232941,15.46405129813255,1.9696363498740255,15.340239405702915
