grupo,serie,base,anio,observadas,esperadas,PI_LI,PI_LS,exceso,tasa_obs,tasa_esp,razon_OE,exceso_LI,exceso_LS,APC_base
Argentina,TMI,2005-2019,2020,4505,4603.8658925353475,4282,4930.025,-98.86589253534748,8.447418802585416,8.632804285279642,0.9785254621131237,NA,NA,NA
Argentina,TMI,2005-2019,2021,4238,4435.357259450996,4121,4751.025,-197.35725945099603,7.9993355908145425,8.371852568075509,0.9555036386233688,NA,NA,NA
Argentina,TMI,2005-2019,2022,4162,4021.2043995164045,3724,4323,140.79560048359554,8.403072916140886,8.118806770745524,1.0350132911673249,NA,NA,NA
Argentina,TMI,2005-2019,2023,3689,3628.8781738826424,3346,3922,60.121826117357614,8.003870670988627,7.8734268323475325,1.01656760663669,NA,NA,NA
Argentina,TMI,2005-2019,2024,3513,3154.4840288147802,2889,3432,358.51597118521977,8.50327374829051,7.635479997615259,1.1136528091156395,NA,NA,NA
Argentina,TMI,2005-2019,NA,20107,19843.78975420017,18958,20733,263.21024579982986,8.266236369055573,8.158027381810403,1.0132641117982073,-626,1149,-3.0253865900822907
Argentina,TMN,2005-2019,2020,3303,3163.341701414937,2975,3354.0249999999996,139.65829858506322,6.1935237080887084,5.931647539963391,1.0441489765467307,NA,NA,NA
Argentina,TMN,2005-2019,2021,3029,3058.048961792338,2872,3252,-29.048961792338105,5.717316541901192,5.77214721531829,0.9905008186084396,NA,NA,NA
Argentina,TMN,2005-2019,2022,2864,2782.0451285650597,2603.975,2964.0249999999996,81.95487143494029,5.782412501640437,5.616945716320697,1.029458498208191,NA,NA,NA
Argentina,TMN,2005-2019,2023,2525,2519.2566476830957,2349,2700,5.743352316904293,5.4783880304272925,5.46592691653127,1.0022797805543895,NA,NA,NA
Argentina,TMN,2005-2019,2024,2476,2197.4559072895217,2036,2365,278.54409271047825,5.993198349207885,5.318977833612552,1.1267575343771297,NA,NA,NA
Argentina,TMN,2005-2019,NA,14197,13720.148346744953,13188.975,14271.025,476.8516532550475,5.83656227838474,5.640522666369961,1.0347555756106805,-74.02499999999964,1008.0249999999996,-2.6913799605707056
Argentina,TMPN,2005-2019,2020,1202,1443.4359006569075,1248,1645.0249999999996,-241.4359006569075,2.253895094496708,2.706616552172248,0.8327352807651313,NA,NA,NA
Argentina,TMPN,2005-2019,2021,1209,1381.0477079285802,1190,1585,-172.04770792858017,2.282019048913351,2.6067635872217885,0.8754223283230144,NA,NA,NA
Argentina,TMPN,2005-2019,2022,1298,1243.4951692754662,1058.9750000000001,1438,54.504830724533804,2.620660414500449,2.510615227844953,1.0438319601645831,NA,NA,NA
Argentina,TMPN,2005-2019,2023,1164,1114.4763673887053,941,1299,49.523632611294715,2.525482640561334,2.4180332638797517,1.0444366826075746,NA,NA,NA
Argentina,TMPN,2005-2019,2024,1036,962.1437680957118,800,1134,73.85623190428817,2.507654882786498,2.3288846698917105,1.076762157957397,NA,NA,NA
Argentina,TMPN,2005-2019,NA,5909,6144.598913345371,5609.9749999999995,6710.025,-235.59891334537133,2.429262978303545,2.526120605299391,0.9616575602951598,-801.0249999999996,299.02500000000055,-3.6935202391202293
Argentina,TMI,2010-2019,2020,4505,4523.233238675497,4219.975,4836,-18.233238675496978,8.447418802585416,8.481608326052546,0.9959689810997153,NA,NA,NA
Argentina,TMI,2010-2019,2021,4238,4342.892388672082,4034,4654,-104.89238867208223,7.9993355908145425,8.197322711605043,0.9758473433636805,NA,NA,NA
Argentina,TMI,2010-2019,2022,4162,3924.035056063093,3621,4233.025,237.96494393690682,8.403072916140886,7.922621985005084,1.0606429199885008,NA,NA,NA
Argentina,TMI,2010-2019,2023,3689,3529.210088224069,3246.9750000000004,3830,159.78991177593116,8.003870670988627,7.657181110570292,1.0452763955053577,NA,NA,NA
Argentina,TMI,2010-2019,2024,3513,3057.4824675579207,2788,3343,455.5175324420793,8.50327374829051,7.400686137843371,1.1489845116939987,NA,NA,NA
Argentina,TMI,2010-2019,NA,20107,19376.853239192664,18395.949999999997,20365.049999999996,730.1467608073362,8.266236369055573,7.966064005752557,1.037681389841489,-258.04999999999563,1711.050000000003,-3.3597982651270897
Q1,TMI,2005-2019,2020,1027,1083.85006405985,982.975,1189,-56.850064059849956,7.15993781241939,7.556279509888313,0.9475480364443557,NA,NA,NA
Q1,TMI,2005-2019,2021,956,1054.9174273598016,952,1161,-98.91742735980165,6.660860477268768,7.3500604588733784,0.9062320663263972,NA,NA,NA
Q1,TMI,2005-2019,2022,1006,973.5261698394924,873,1078,32.473830160507646,7.387986810313806,7.14950149330963,1.033356915475484,NA,NA,NA
Q1,TMI,2005-2019,2023,920,877.3868655080137,781,978,42.61313449198633,7.292211600957499,6.954446390418776,1.0485682384444095,NA,NA,NA
Q1,TMI,2005-2019,2024,792,766.3101168344492,679,859.0249999999996,25.689883165550782,6.991525423728813,6.764743263015971,1.0335241341608188,NA,NA,NA
Q1,TMI,2005-2019,NA,4701,4755.990643601607,4464,5060,-54.99064360160719,7.095088677288925,7.178084527698325,0.98843760475526,-359,237,-2.737718570681358
Q2,TMI,2005-2019,2020,1910,2052.31429604134,1882,2229,-142.31429604134019,8.015107007973143,8.612313453803358,0.9306566755804182,NA,NA,NA
Q2,TMI,2005-2019,2021,1885,1963.5132797676297,1791,2141,-78.51327976762968,8.03040049758662,8.364879585604196,0.9600138789094814,NA,NA,NA
Q2,TMI,2005-2019,2022,1731,1758.8011728569518,1596.975,1929,-27.80117285695178,7.9961566710858785,8.124581011816167,0.9841931121686756,NA,NA,NA
Q2,TMI,2005-2019,2023,1523,1587.0488346409702,1434,1741,-64.0488346409702,7.5727440879890215,7.891211214627232,0.9596428079319566,NA,NA,NA
Q2,TMI,2005-2019,2024,1506,1399.5810809684872,1254,1552,106.41891903151281,8.247354931983965,7.664569675190506,1.076036265764519,NA,NA,NA
Q2,TMI,2005-2019,NA,8555,8761.25866427538,8279,9246,-206.2586642753795,7.971249459576307,8.163434061112024,0.9764578729861711,-691,276,-2.873751766142696
Q3,TMI,2005-2019,2020,501,519.1612660107669,452,589,-18.161266010766894,9.430588235294117,9.772447360202671,0.9650180643284157,NA,NA,NA
Q3,TMI,2005-2019,2021,477,500.605242539548,434,570,-23.605242539547987,9.052951224141204,9.500953549811122,0.9528465934160025,NA,NA,NA
Q3,TMI,2005-2019,2022,455,457.95579697721143,395,526,-2.9557969772114348,9.177457743353907,9.237076868312789,0.993545671882043,NA,NA,NA
Q3,TMI,2005-2019,2023,396,409.2370322506943,349,472,-13.237032250694313,8.690118282165507,8.98060155480029,0.9676543635899856,NA,NA,NA
Q3,TMI,2005-2019,2024,367,352.2388314409314,297,411,14.761168559068608,9.097218779435824,8.731318016978122,1.0419067043195775,NA,NA,NA
Q3,TMI,2005-2019,NA,2196,2239.198169219152,2053,2434,-43.19816921915208,9.100553658455723,9.279573356509433,0.9807081973302005,-238,143,-2.782400552524311
Q4,TMI,2005-2019,2020,1041,945.4046782424174,852,1043,95.59532175758261,10.721900073127273,9.73730498442098,1.101115769741379,NA,NA,NA
Q4,TMI,2005-2019,2021,899,916.3806371066138,822,1016,-17.38063710661379,9.191571155438773,9.369274562215525,0.9810333867796558,NA,NA,NA
Q4,TMI,2005-2019,2022,954,820.0763286704114,730,914,133.92367132958861,10.487434865774025,9.015196102614288,1.1633063492354656,NA,NA,NA
Q4,TMI,2005-2019,2023,839,755.1099550338756,668,847,83.89004496612438,9.638249721421268,8.674539110545505,1.1110964627162954,NA,NA,NA
Q4,TMI,2005-2019,2024,840,633.3463304500323,556,714,206.65366954996773,11.070256592733166,8.346793321604558,1.3262885716936692,NA,NA,NA
Q4,TMI,2005-2019,NA,4573,4070.3179295033506,3809,4347,502.68207049664943,10.189575571757072,9.06949751667443,1.1234994610256368,226,764,-3.7839656038442193
