trienio,componente,tasa,Gini,Gini_LI,Gini_LS,CIx,CIx_LI,CIx_LS,SII,SII_LI,SII_LS,RII,RII_LI,RII_LS
2005-2007,TMI,13.130379184206085,0.09534953431966997,0.08951670971802272,0.102393050437575,-0.07519884114136355,-0.08193538484245433,-0.06893630805210314,6.2627424550298665,3.3469185663967136,9.17856634366302,1.6125038135779552,1.3206155439518987,1.9689065153833718
2005-2007,TMN,8.57722137578764,0.09992335655367057,0.09331429775967566,0.10991339302437275,-0.07380448193622291,-0.08146914387942601,-0.06585393960289956,4.015184367861131,1.7624430913750406,6.267925644347223,1.5982151748386555,1.2613841561172114,2.0249911438139248
2005-2007,TMPN,4.553157808418446,0.11472956013498603,0.10584434979878488,0.12878237882455215,-0.07782552971291823,-0.08950970168406812,-0.06651350540880559,2.247558087168737,1.0975626544422556,3.397553519895218,1.6397803090322332,1.30231618375908,2.0646901999854683
2013-2015,TMI,10.344973389983963,0.0741973518753376,0.06796017992394879,0.08273040791790649,-0.06029964531826448,-0.06698481608243323,-0.05301015949670122,3.9656279386720503,2.4157860686891555,5.515469808654945,1.468183903371462,1.282230436531235,1.6811049813716954
2013-2015,TMN,7.034686523156969,0.07519506506351803,0.06942142452472293,0.08613329262237963,-0.05766423477436633,-0.06663130956674086,-0.04892102740991253,2.57880861621463,1.0939520059260313,4.063665226503229,1.4436626778377122,1.194694673513387,1.7445142876986302
2013-2015,TMPN,3.310286866826994,0.09193119129719562,0.08346458584032651,0.10806228327492286,-0.06590015300293994,-0.07843014729239486,-0.05516877304140359,1.3868193224574203,0.7315683262535694,2.0420703186612714,1.5217289850760074,1.2661003991437474,1.8289695711228868
2017-2019,TMI,9.1175255062664,0.07782472471106772,0.07188441342710235,0.08740467628313277,-0.054448801567205773,-0.06206950730765331,-0.04686235376661909,3.141490070108584,1.4529725329790109,4.830007607238157,1.411982776894276,1.1932793545061207,1.6707700126691878
2017-2019,TMN,6.243993765964757,0.0861595243105775,0.0789395243472038,0.09842819990877345,-0.053393128147581015,-0.06257425993086801,-0.04377605505422567,2.1096878686255476,0.5981391675134351,3.6212365697376603,1.4025433834037124,1.1270887337473914,1.745317722934861
2017-2019,TMPN,2.873531740301644,0.09295337537288972,0.08387352003054865,0.11178822194562521,-0.056742709846896,-0.07106301858873319,-0.04292860520825405,1.0318022014830333,0.3243380482635897,1.739266354702477,1.4327193704142986,1.142686007025444,1.7963681901590287
2022-2024,TMI,8.298472521427405,0.09376156815763181,0.08552250655469881,0.10612720536986478,-0.06358368446266272,-0.07345019215661061,-0.053143638106733664,3.4350834962955172,1.587177428891397,5.282989563699638,1.5143084923841008,1.2339330764045697,1.8583910699503445
2022-2024,TMN,5.747181163661349,0.0969391375458315,0.08720800783348359,0.11296987394283517,-0.0534748617219265,-0.06667675778107925,-0.039983395712530456,2.014622470916446,0.41808119678913824,3.6111637450437537,1.420716002108737,1.0997407278408862,1.8353725633228217
2022-2024,TMPN,2.5512913577660563,0.11817008715226152,0.10792476406363942,0.14325747948708797,-0.08635538220134098,-0.10576752288399917,-0.06696348881894004,1.4204610253790688,0.7667146366450658,2.0742074141130717,1.7493209078868603,1.3864097246059341,2.2072289197480224
