anio,tasa,CV_obs,CV_ruido,nv,CV_senal
2005,0.013285532639322079,0.20655883086762247,0.050435306986068934,710171,0.20030684066856042
2006,0.012839610652228042,0.20762725838956173,0.05186792225057879,694803,0.20104426643844817
2007,0.013261840110732429,0.18818532326586207,0.050895912957205476,698621,0.18117207824863513
2008,0.012491520300903381,0.18127156698385494,0.05080278220587972,744425,0.1740070639857019
2009,0.012083495257907187,0.18166029650205096,0.05167998914031276,743659,0.17415407559879334
2010,0.011819929947135665,0.17267739556689823,0.051873737366046425,754573,0.1647015431361998
2011,0.011719375407703798,0.1725096944471267,0.05205498174559536,755757,0.1644684576254874
2012,0.011095408567072716,0.1550356924158178,0.05418946600461804,736611,0.14525690240737757
2013,0.010831203116961839,0.13698564051061773,0.05427253541292571,752271,0.12577582281963778
2014,0.010541124842696266,0.1526884208371407,0.054209367871973724,774775,0.14274136853996044
2015,0.00966995430337086,0.1658672557174234,0.05688417729504083,767015,0.15580801292839686
2016,0.009752370865895248,0.1552503522635541,0.05825517280354631,725157,0.14390624280963837
2017,0.009354035869009307,0.16350087602581745,0.060458195645022715,701943,0.15191228732580483
2018,0.008844745766686306,0.15002558085283987,0.06306189014294603,682326,0.13612814889592456
2019,0.009149746579260681,0.18209480392572078,0.0648317234405596,624061,0.17016276106267636
2020,0.008419916797160651,0.21316822083638023,0.07320067564535433,531953,0.20020577279292273
2021,0.007975338294673336,0.18124326234468363,0.07544037184147985,528755,0.16479645154481656
2022,0.008406496482086011,0.21591642925837506,0.07608358569085336,493190,0.20206729674073798
2023,0.007997460295371128,0.16761201626907327,0.08077923917220194,459896,0.14686218885929855
2024,0.008505113987939968,0.2091788967386454,0.08274878194258484,412105,0.19211572014755954
