peso,d1,n1,c1,r1,d2,n2,c2,r2,periodo,contrib_comp,contrib_tasa
1000-1499,3433.4954257748013,16227.291846250322,0.007050271151084903,211.58770411639495,1640.4211314562922,10498.091342986223,0.007666578552890185,156.2589882162016,2013-2015 vs 2022-2024,0.11335331960708488,-0.40713219810854107
1500-2499,4779.073822386179,141045.17424293148,0.06127989392108352,33.8832848981764,2194.880692954914,92031.39354939584,0.06720897017625808,23.84926065231056,2013-2015 vs 2022-2024,0.1711503324870882,-0.6446301888382433
≥2500,8059.834484849942,2134547.362662753,0.927396748280152,3.7758986405415973,3563.1969931758404,1260527.0449805034,0.920541581574449,2.826751720532067,2013-2015 vs 2022-2024,-0.02263113446231492,-0.8769824870745249
<1000,7548.596266989078,9835.171248065282,0.004273086647679727,767.510404912776,3965.5011824129533,6275.470127114562,0.004582869696402744,631.9050369276916,2013-2015 vs 2022-2024,0.21675759100170403,-0.6004576094495732
1000-1499,3433.4954257748013,16227.291846250322,0.007050271151084903,211.58770411639495,2628.936771864099,14771.89513879734,0.007329350326179909,177.96882168215384,2013-2015 vs 2017-2019,0.054358556936367715,-0.24171340194652702
1500-2499,4779.073822386179,141045.17424293148,0.06127989392108352,33.8832848981764,3582.120253077119,126669.31665044744,0.06284933575452725,28.27930510560993,2013-2015 vs 2017-2019,0.048780284613576815,-0.3478088473844825
≥2500,8059.834484849942,2134547.362662753,0.927396748280152,3.7758986405415973,5923.710296136426,1865400.0304110632,0.9255528957445919,3.175571030108253,2013-2015 vs 2017-2019,-0.006408742489048344,-0.5561884160253453
<1000,7548.596266989078,9835.171248065282,0.004273086647679727,767.510404912776,6237.232678922356,8602.7577996920445,0.0042684181747009815,725.0271162051815,2013-2015 vs 2017-2019,-0.003483935543551701,-0.1814356076832552
1000-1499,2628.936771864099,14771.89513879734,0.007329350326179909,177.96882168215384,1640.4211314562922,10498.091342986223,0.007666578552890185,156.2589882162016,2017-2019 vs 2022-2024,0.056355525824640915,-0.16277955931593782
1500-2499,3582.120253077119,126669.31665044744,0.06284933575452725,28.27930510560993,2194.880692954914,92031.39354939584,0.06720897017625808,23.84926065231056,2017-2019 vs 2022-2024,0.11363074481684465,-0.28808203839709406
≥2500,5923.710296136426,1865400.0304110632,0.9255528957445919,3.175571030108253,3563.1969931758404,1260527.0449805034,0.920541581574449,2.826751720532067,2017-2019 vs 2022-2024,-0.015039762527027439,-0.3219767004954187
<1000,6237.232678922356,8602.7577996920445,0.0042684181747009815,725.0271162051815,3965.5011824129533,6275.470127114562,0.004582869696402744,631.9050369276916,2017-2019 vs 2022-2024,0.21334469019934074,-0.41212516542040295
