anio,peso,n_nv,n_def,n_red_nv,n_red_def,pct_nv,tasa_esp,pct_def_peso_sin_esp
2011,<1000,2999,1939,3028.524480052008,2431.0749894082755,0.3995193511773765,802.7258836509479,20.241045280468576
2011,1000-1499,5306,1022,5358.236375843933,1281.360824742268,0.7068521765078892,239.13854015827195,20.241045280468576
2011,1500-2499,45651,1500,46100.4238208917,1880.666572518006,6.081513137912108,40.794995287347646,20.241045280468576
2011,≥2500,696696,2620,703554.8153232123,3284.8976133314504,92.81211533440262,4.669000256678468,20.241045280468576
2012,<1000,3005,1952,3047.4017265416287,2433.1975757575756,0.4127492119305813,798.4498907923479,19.776346177221342
2012,1000-1499,5045,896,5116.186925258741,1116.8775757575759,0.6929516719433552,218.30273054401584,19.776346177221342
2012,1500-2499,44062,1371,44683.73207150657,1708.9722727272729,6.052098427981787,38.245960968355,19.776346177221342
2012,≥2500,675933,2381,685470.679276693,2967.9525757575757,92.84220068814427,4.3298023759227044,19.776346177221342
2013,<1000,3247,2074,3279.547620577315,2578.7763918466685,0.43460569605174043,786.3207643841787,19.574259848299487
2013,1000-1499,5275,939,5327.87610056832,1167.5366595679952,0.7060502145589562,219.13735183208465,19.574259848299487
2013,1500-2499,46851,1264,47320.629988194574,1571.636142379069,6.270930540720693,33.21249405959212,19.574259848299487
2013,≥2500,691741,2297,698674.9462906598,2856.050806206267,92.58841354866861,4.087810535313091,19.574259848299487
2014,<1000,3321,2116,3352.422543518563,2550.3941219691405,0.4314505494791024,760.7615355349427,17.03243111436235
2014,1000-1499,5393,976,5444.027334295577,1176.3632623071271,0.7006361979345977,216.08327623493483,17.03243111436235
2014,1500-2499,46468,1418,46907.66960319801,1709.1015429831007,6.036929880516389,36.4354391817107,17.03243111436235
2014,≥2500,714547,2295,721307.8805189879,2766.141072740632,92.83098337206992,3.834896508756243,17.03243111436235
2015,<1000,3156,2125,3203.2010839694053,2419.4257531732683,0.41597853150088376,755.3149770338854,12.169241101410343
2015,1000-1499,5375,957,5455.388411386424,1089.5955038996788,0.7084551986112961,199.72830928508913,12.169241101410343
2015,1500-2499,46127,1316,46816.8746515389,1498.3361370240098,6.07979775745921,32.00418968964129,12.169241101410343
2015,≥2500,704035,2141,714564.5358531052,2437.642605903043,92.79576851242861,3.4113680200946264,12.169241101410343
2016,<1000,3011,2018,3037.5648982634675,2291.2876580758766,0.41722786655359534,754.3172688707896,11.927252220499083
2016,1000-1499,5067,893,5111.704197775154,1013.9345285737154,0.7021234140906899,198.3554778101256,11.927252220499083
2016,1500-2499,44245,1239,44635.35666677752,1406.79157995838,6.130935554853478,31.517426654853345,11.927252220499083
2016,≥2500,669345,2097,675250.3742371838,2380.986233392028,92.74971316450224,3.5260791022615554,11.927252220499083
2017,<1000,2904,1899,2928.320626483885,2204.6093170989943,0.4155951210506657,752.8578999035803,13.862289101687185
2017,1000-1499,4877,826,4917.844247714155,958.929592376919,0.6979536519848817,194.98982563805993,13.862289101687185
2017,1500-2499,43528,1088,43892.541401374154,1263.0937003705665,6.229347255197443,28.77695526491028,13.862289101687185
2017,≥2500,647448,1854,652870.2937244278,2152.3673901535203,92.65710397176701,3.2967764207418817,13.862289101687185
2018,<1000,2857,1742,2885.8801064057125,2064.5925925925926,0.4210541829087667,715.4117691895344,15.625
2018,1000-1499,4728,720,4775.793189739659,853.3333333333334,0.6967953016425092,178.67887059402813,15.625
2018,1500-2499,42553,1024,42983.14881619961,1213.6296296296296,6.271305091115418,28.235009836511406,15.625
2018,≥2500,628397,1617,634749.177887655,1916.4444444444443,92.6108454243333,3.019215323479534,15.625
2019,<1000,2767,1670,2788.557066802448,1968.0307692307692,0.445854535727982,705.7523737491409,15.143603133159269
2019,1000-1499,5039,693,5078.257701343526,816.6738461538462,0.8119483214793283,160.8177241453862,15.143603133159269
2019,1500-2499,39486,938,39793.62643287367,1105.396923076923,6.362490855711997,27.778240441131306,15.143603133159269
2019,≥2500,573314,1574,577780.5587989803,1854.8984615384616,92.3797062870807,3.210385730863285,15.143603133159269
2020,<1000,2157,1387,2206.3523850624315,1562.8901950975487,0.41371770527648305,708.3592837113029,11.254162042175361
2020,1000-1499,3716,577,3801.0224677292517,650.1713356678339,0.7127375951819245,171.05169495518643,11.254162042175361
2020,1500-2499,31904,769,32633.966848878914,866.5195097548774,6.119262711701863,26.552687075020586,11.254162042175361
2020,≥2500,483593,1265,494657.6582983294,1425.41895947974,92.75428198783973,2.8816271932053374,11.254162042175361
2021,<1000,2110,1285,2161.8306606948086,1437.2736869886514,0.4080511785136881,664.8410132765506,10.594620103822558
2021,1000-1499,3563,555,3650.522580121139,620.7680126682502,0.6890456630541567,170.0490817530159,10.594620103822558
2021,1500-2499,32421,765,33217.39898122578,855.6532066508314,6.269870738669328,25.759187440727676,10.594620103822558
2021,≥2500,478998,1184,490764.2477779583,1324.305093692267,92.63303241976283,2.698454705468758,10.594620103822558
2022,<1000,2196,1273,2215.9901961383543,1432.3400919167343,0.44740814991840305,646.3657169660631,11.124459394521864
2022,1000-1499,3754,554,3788.1726759122866,623.3436063801028,0.7648316005435724,164.54994523975495,11.124459394521864
2022,1500-2499,32781,703,33079.405564486064,790.9937821032712,6.678727942839331,23.911970865416016,11.124459394521864
2022,≥2500,452096,1169,456211.4315634633,1315.3225195998918,92.1090323066987,2.8831423953849744,11.124459394521864
2023,<1000,2082,1133,2098.8903242175625,1309.4100877192982,0.4553875496781447,623.8582705398999,13.472485768500949
2023,1000-1499,3388,458,3415.4853114548996,529.311403508772,0.7410437167673171,154.97399497914992,13.472485768500949
2023,1500-2499,30226,622,30471.209865417888,718.8464912280701,6.611212332647264,23.591005884013057,13.472485768500949
2023,≥2500,421497,979,424916.41449890967,1131.4320175438597,92.19235640090729,2.662716663648123,13.472485768500949
2024,<1000,1952,1129,1960.589606758646,1223.7510027769208,0.4745639093174497,624.1749923381941,7.742670082550526
2024,1000-1499,3280,450,3294.433355619036,487.7661215674175,0.7974229623776817,148.05766847141592,7.742670082550526
2024,1500-2499,28356,632,28480.778119491886,685.0404196235729,6.893818756457788,24.052728361193893,7.742670082550526
2024,≥2500,377737,1030,379399.1989181304,1116.4424560320888,91.83419437184708,2.9426589703290413,7.742670082550526
