iso3,indicador,valor_2015,valor_2019,valor_2024,ARR_2010_2015,ARR_2015_2019,ARR_2019_2024
ARG,TMN,6.8,6.12,5.07,2.2245127022044877,2.634012891445657,3.7644255784228573
ARG,TMI,10.03,8.91,8.02,4.242317412742941,2.9601590122781545,2.1047163920858987
BHS,TMN,8.65,9.75,8.99,-0.9711795404481509,-2.9926991016491975,1.6230887305245376
BHS,TMI,12.28,16,11.09,1.760575491491817,-6.615419988019624,7.33089841755011
BLZ,TMN,10.5,9.62,9.21,-0.17216749073200202,2.1882748121465663,0.8710882882079902
BLZ,TMI,13.07,11.37,10.79,3.4490821904893014,3.48353049684215,1.0471705698480287
BOL,TMN,12.83,9.74,7.34,6.760597386697934,6.888626524327533,5.65804550056039
BOL,TMI,23.46,18.42,14.23,5.887463837752076,6.046495309954213,5.161692374507998
BRA,TMN,9.53,9.17,7.12,3.0500078130435546,0.9626857849434293,5.060591216889781
BRA,TMI,13.72,12.94,12.26,3.0371467985836387,1.4632833306246174,1.0796271712937833
BRB,TMN,8.75,7.8,6.63,1.8124778322649218,2.8732491668494244,3.2503785899554987
BRB,TMI,11.74,10.56,9.05,1.556249346526918,2.6482134030458733,3.0861704113256123
CAN,TMN,3.54,3.47,3.39,1.152582256732726,0.4993033296728811,0.46649345132818004
CAN,TMI,4.65,4.51,4.72,1.3310524101854455,0.764251652116953,-0.9102329216575419
CHL,TMN,5.23,4.75,4.68,0.34124050553442875,2.4066665007570442,0.2969301623398917
CHL,TMI,6.8,6.04,5.8,1.9329237069413419,2.9629650058834343,0.8109218878869981
COL,TMN,8.45,7.41,6.26,3.3283329790858045,3.283400051527171,3.373005083919768
COL,TMI,13.89,12.25,10.49,3.064492218465828,3.141080494387912,3.1020702916506027
CRI,TMN,6.2,6.24,7.3,1.2504071396266785,-0.16077225825725827,-3.1378833154601806
CRI,TMI,7.8,7.91,9.08,2.9507088141707816,-0.35010120210041007,-2.758928216672787
CUB,TMN,2.57,3.17,4.26,1.9274162549603588,-5.2456422245515215,-5.910751447841794
CUB,TMI,4.85,5.44,6.81,0.1233302983132803,-2.870008897961491,-4.492261185871393
DOM,TMN,24.36,23.91,21.24,-0.3394823796954423,0.4661415342865715,2.368211701929907
DOM,TMI,31.02,30.85,27.71,-0.31844702003212566,0.1373851849248984,2.1468678295301946
ECU,TMN,7.27,6.99,6.99,4.269365715815829,0.9818933824927243,-0
ECU,TMI,12.92,11.68,10.95,4.263740569828141,2.5224630238593697,1.2907704227514236
GTM,TMN,12.99,11.24,9.45,4.093036853591216,3.617524655424077,3.4692820591978757
GTM,TMI,23.12,20.18,17.19,3.8586803672442516,3.4001507219678455,3.207283910614099
GUY,TMN,20.31,17.98,15.28,2.3480001839103237,3.046333663720476,3.2543049061019964
GUY,TMI,30.44,27.13,23.24,2.2414499920407236,2.8779351580661183,3.095303893742598
HND,TMN,11.47,9.95,8.4,3.4507662913432395,3.5540594992694525,3.3868169064246665
HND,TMI,17.01,14.93,12.75,3.328415448381452,3.260719871416788,3.1568267989332766
HTI,TMN,26.7,25.02,22.63,1.735233158445628,1.6247015091859682,2.0079809078663824
HTI,TMI,49.71,44.73,38.99,9.338117943554526,2.639042566545615,2.746784289005012
JAM,TMN,14.3,14.12,13.65,1.0090756251166404,0.31668263001914215,0.6770542086825433
JAM,TMI,17.16,17.24,16.39,0.25478051554859427,-0.11627927939326647,1.011217449596171
MEX,TMN,8.47,9.49,8.23,1.0128746563750983,-2.842702598946836,2.8490519586571597
MEX,TMI,15.05,13.73,12.08,2.401381761025001,2.2948692853751256,2.5606405454642167
PAN,TMN,7.28,7.57,5.3,2.598382138772178,-0.9765551310190721,7.129724937825626
PAN,TMI,13.63,12.57,11.97,1.7951776613641155,2.0240055776571295,0.9781900606454853
PER,TMN,8.18,7.5,6.52,3.429282633771559,2.1697282518097714,2.8005728920740642
PER,TMI,13.79,12.52,10.98,3.576208895325941,2.41540815333145,2.625038591811358
PRY,TMN,11.72,10.18,8.59,3.1219809737042508,3.521794325662249,3.396525502524253
PRY,TMI,19.31,17.05,14.53,3.0578442553990275,3.1118223177724302,3.1986945229466857
SLV,TMN,6.4,5.28,4.34,5.150899560630841,4.809297316186403,3.921034992117134
SLV,TMI,12.56,10.64,8.84,4.3734996678666525,4.147416928163857,3.706672145278926
SUR,TMN,12.91,11.4,9.67,2.82687111227025,3.109721236452535,3.2917009187049375
SUR,TMI,19.01,17.11,14.76,2.152398572928719,2.6325517149058957,2.9548453746355134
TTO,TMN,15.46,14.3,12.64,1.769313753208656,1.9499126473353576,2.467862970943005
TTO,TMI,20.57,19.16,17.02,1.7847412461271681,1.7752232780537818,2.368712987949728
URY,TMN,4.99,4.77,4.05,-0.3640140929369274,1.1272401215794403,3.272588475636041
URY,TMI,7.51,6.25,6.17,4.081087689823444,4.591350050693331,0.25765251662027433
USA,TMN,3.89,3.74,3.65,1.0027162484871068,0.9830886550978574,0.48716887664081054
USA,TMI,5.76,5.52,5.48,1.5687771618312405,1.0639903604699001,0.14545518658159168
