iso3,indicador,anio,valor
ARG,TMN,2000,11.04
ARG,TMN,2001,11.03
ARG,TMN,2002,10.76
ARG,TMN,2003,10.2
ARG,TMN,2004,9.58
ARG,TMN,2005,9.11
ARG,TMN,2006,8.78
ARG,TMN,2007,8.45
ARG,TMN,2008,8.09
ARG,TMN,2009,7.77
ARG,TMN,2010,7.6
ARG,TMN,2011,7.52
ARG,TMN,2012,7.44
ARG,TMN,2013,7.3
ARG,TMN,2014,7.08
ARG,TMN,2015,6.8
ARG,TMN,2016,6.51
ARG,TMN,2017,6.3
ARG,TMN,2018,6.19
ARG,TMN,2019,6.12
ARG,TMN,2020,6.04
ARG,TMN,2021,5.9
ARG,TMN,2022,5.68
ARG,TMN,2023,5.37
ARG,TMN,2024,5.07
ARG,TMI,2000,16.71
ARG,TMI,2001,16.24
ARG,TMI,2002,15.8
ARG,TMI,2003,15.35
ARG,TMI,2004,14.88
ARG,TMI,2005,14.42
ARG,TMI,2006,13.99
ARG,TMI,2007,13.59
ARG,TMI,2008,13.23
ARG,TMI,2009,12.85
ARG,TMI,2010,12.4
ARG,TMI,2011,11.9
ARG,TMI,2012,11.39
ARG,TMI,2013,10.88
ARG,TMI,2014,10.43
ARG,TMI,2015,10.03
ARG,TMI,2016,9.69
ARG,TMI,2017,9.4
ARG,TMI,2018,9.14
ARG,TMI,2019,8.91
ARG,TMI,2020,8.71
ARG,TMI,2021,8.53
ARG,TMI,2022,8.36
ARG,TMI,2023,8.2
ARG,TMI,2024,8.02
BHS,TMN,2000,7.87
BHS,TMN,2001,8.04
BHS,TMN,2002,8.24
BHS,TMN,2003,8.43
BHS,TMN,2004,8.58
BHS,TMN,2005,8.7
BHS,TMN,2006,8.74
BHS,TMN,2007,8.69
BHS,TMN,2008,8.57
BHS,TMN,2009,8.41
BHS,TMN,2010,8.24
BHS,TMN,2011,8.13
BHS,TMN,2012,8.1
BHS,TMN,2013,8.19
BHS,TMN,2014,8.38
BHS,TMN,2015,8.65
BHS,TMN,2016,8.96
BHS,TMN,2017,9.24
BHS,TMN,2018,9.44
BHS,TMN,2019,9.75
BHS,TMN,2020,9.6
BHS,TMN,2021,9.55
BHS,TMN,2022,9.41
BHS,TMN,2023,9.22
BHS,TMN,2024,8.99
BHS,TMI,2000,13.72
BHS,TMI,2001,13.86
BHS,TMI,2002,14.06
BHS,TMI,2003,14.26
BHS,TMI,2004,14.41
BHS,TMI,2005,14.46
BHS,TMI,2006,14.41
BHS,TMI,2007,14.24
BHS,TMI,2008,13.99
BHS,TMI,2009,13.71
BHS,TMI,2010,13.41
BHS,TMI,2011,13.12
BHS,TMI,2012,12.87
BHS,TMI,2013,12.64
BHS,TMI,2014,12.45
BHS,TMI,2015,12.28
BHS,TMI,2016,12.17
BHS,TMI,2017,12.08
BHS,TMI,2018,12
BHS,TMI,2019,16
BHS,TMI,2020,11.85
BHS,TMI,2021,11.73
BHS,TMI,2022,11.56
BHS,TMI,2023,11.34
BHS,TMI,2024,11.09
BLZ,TMN,2000,12.11
BLZ,TMN,2001,11.73
BLZ,TMN,2002,11.33
BLZ,TMN,2003,10.91
BLZ,TMN,2004,10.47
BLZ,TMN,2005,10.04
BLZ,TMN,2006,9.69
BLZ,TMN,2007,9.56
BLZ,TMN,2008,9.69
BLZ,TMN,2009,10
BLZ,TMN,2010,10.41
BLZ,TMN,2011,10.79
BLZ,TMN,2012,11
BLZ,TMN,2013,10.97
BLZ,TMN,2014,10.78
BLZ,TMN,2015,10.5
BLZ,TMN,2016,10.21
BLZ,TMN,2017,9.95
BLZ,TMN,2018,9.76
BLZ,TMN,2019,9.62
BLZ,TMN,2020,9.53
BLZ,TMN,2021,9.47
BLZ,TMN,2022,9.41
BLZ,TMN,2023,9.33
BLZ,TMN,2024,9.21
BLZ,TMI,2000,19.61
BLZ,TMI,2001,18.94
BLZ,TMI,2002,18.37
BLZ,TMI,2003,17.87
BLZ,TMI,2004,17.44
BLZ,TMI,2005,17.08
BLZ,TMI,2006,16.75
BLZ,TMI,2007,16.45
BLZ,TMI,2008,16.17
BLZ,TMI,2009,15.87
BLZ,TMI,2010,15.53
BLZ,TMI,2011,15.13
BLZ,TMI,2012,14.68
BLZ,TMI,2013,14.16
BLZ,TMI,2014,13.62
BLZ,TMI,2015,13.07
BLZ,TMI,2016,12.55
BLZ,TMI,2017,12.09
BLZ,TMI,2018,11.69
BLZ,TMI,2019,11.37
BLZ,TMI,2020,11.14
BLZ,TMI,2021,10.98
BLZ,TMI,2022,10.89
BLZ,TMI,2023,10.85
BLZ,TMI,2024,10.79
BOL,TMN,2000,27.86
BOL,TMN,2001,26.7
BOL,TMN,2002,25.65
BOL,TMN,2003,24.63
BOL,TMN,2004,23.64
BOL,TMN,2005,22.64
BOL,TMN,2006,21.68
BOL,TMN,2007,20.74
BOL,TMN,2008,19.82
BOL,TMN,2009,18.93
BOL,TMN,2010,17.99
BOL,TMN,2011,16.82
BOL,TMN,2012,15.73
BOL,TMN,2013,14.72
BOL,TMN,2014,13.76
BOL,TMN,2015,12.83
BOL,TMN,2016,11.99
BOL,TMN,2017,11.19
BOL,TMN,2018,10.44
BOL,TMN,2019,9.74
BOL,TMN,2020,9.11
BOL,TMN,2021,8.55
BOL,TMN,2022,8.09
BOL,TMN,2023,7.69
BOL,TMN,2024,7.34
BOL,TMI,2000,57.18
BOL,TMI,2001,53.98
BOL,TMI,2002,50.91
BOL,TMI,2003,48.01
BOL,TMI,2004,45.22
BOL,TMI,2005,42.59
BOL,TMI,2006,40.09
BOL,TMI,2007,37.72
BOL,TMI,2008,35.5
BOL,TMI,2009,33.42
BOL,TMI,2010,31.49
BOL,TMI,2011,29.72
BOL,TMI,2012,28.03
BOL,TMI,2013,26.42
BOL,TMI,2014,24.89
BOL,TMI,2015,23.46
BOL,TMI,2016,22.09
BOL,TMI,2017,20.8
BOL,TMI,2018,19.57
BOL,TMI,2019,18.42
BOL,TMI,2020,17.36
BOL,TMI,2021,16.4
BOL,TMI,2022,15.58
BOL,TMI,2023,14.87
BOL,TMI,2024,14.23
BRA,TMN,2000,18.06
BRA,TMN,2001,17.15
BRA,TMN,2002,16.28
BRA,TMN,2003,15.45
BRA,TMN,2004,14.64
BRA,TMN,2005,13.89
BRA,TMN,2006,13.2
BRA,TMN,2007,12.58
BRA,TMN,2008,12.04
BRA,TMN,2009,11.54
BRA,TMN,2010,11.1
BRA,TMN,2011,10.68
BRA,TMN,2012,10.29
BRA,TMN,2013,9.96
BRA,TMN,2014,9.72
BRA,TMN,2015,9.53
BRA,TMN,2016,10.05
BRA,TMN,2017,9.21
BRA,TMN,2018,9.14
BRA,TMN,2019,9.17
BRA,TMN,2020,9.16
BRA,TMN,2021,8.89
BRA,TMN,2022,8.28
BRA,TMN,2023,7.6
BRA,TMN,2024,7.12
BRA,TMI,2000,29.15
BRA,TMI,2001,27.33
BRA,TMI,2002,25.6
BRA,TMI,2003,23.98
BRA,TMI,2004,22.44
BRA,TMI,2005,21.02
BRA,TMI,2006,19.73
BRA,TMI,2007,18.59
BRA,TMI,2008,17.58
BRA,TMI,2009,16.71
BRA,TMI,2010,15.97
BRA,TMI,2011,15.33
BRA,TMI,2012,14.81
BRA,TMI,2013,14.37
BRA,TMI,2014,14.01
BRA,TMI,2015,13.72
BRA,TMI,2016,14.58
BRA,TMI,2017,13.27
BRA,TMI,2018,13.1
BRA,TMI,2019,12.94
BRA,TMI,2020,12.81
BRA,TMI,2021,12.68
BRA,TMI,2022,12.57
BRA,TMI,2023,12.43
BRA,TMI,2024,12.26
BRB,TMN,2000,8.96
BRB,TMN,2001,9.06
BRB,TMN,2002,9.22
BRB,TMN,2003,9.41
BRB,TMN,2004,9.59
BRB,TMN,2005,9.77
BRB,TMN,2006,9.87
BRB,TMN,2007,9.89
BRB,TMN,2008,9.83
BRB,TMN,2009,9.72
BRB,TMN,2010,9.58
BRB,TMN,2011,9.43
BRB,TMN,2012,9.3
BRB,TMN,2013,9.14
BRB,TMN,2014,8.96
BRB,TMN,2015,8.75
BRB,TMN,2016,8.51
BRB,TMN,2017,8.26
BRB,TMN,2018,8.03
BRB,TMN,2019,7.8
BRB,TMN,2020,7.54
BRB,TMN,2021,7.31
BRB,TMN,2022,7.07
BRB,TMN,2023,6.83
BRB,TMN,2024,6.63
BRB,TMI,2000,12.96
BRB,TMI,2001,13.13
BRB,TMI,2002,13.3
BRB,TMI,2003,13.44
BRB,TMI,2004,13.51
BRB,TMI,2005,13.49
BRB,TMI,2006,13.39
BRB,TMI,2007,13.24
BRB,TMI,2008,13.05
BRB,TMI,2009,12.86
BRB,TMI,2010,12.69
BRB,TMI,2011,12.52
BRB,TMI,2012,12.37
BRB,TMI,2013,12.19
BRB,TMI,2014,11.99
BRB,TMI,2015,11.74
BRB,TMI,2016,11.46
BRB,TMI,2017,11.18
BRB,TMI,2018,10.87
BRB,TMI,2019,10.56
BRB,TMI,2020,10.24
BRB,TMI,2021,9.94
BRB,TMI,2022,9.64
BRB,TMI,2023,9.36
BRB,TMI,2024,9.05
CAN,TMN,2000,3.75
CAN,TMN,2001,3.8
CAN,TMN,2002,3.87
CAN,TMN,2003,3.94
CAN,TMN,2004,3.96
CAN,TMN,2005,3.93
CAN,TMN,2006,3.85
CAN,TMN,2007,3.8
CAN,TMN,2008,3.78
CAN,TMN,2009,3.77
CAN,TMN,2010,3.75
CAN,TMN,2011,3.72
CAN,TMN,2012,3.68
CAN,TMN,2013,3.64
CAN,TMN,2014,3.59
CAN,TMN,2015,3.54
CAN,TMN,2016,3.49
CAN,TMN,2017,3.46
CAN,TMN,2018,3.46
CAN,TMN,2019,3.47
CAN,TMN,2020,3.47
CAN,TMN,2021,3.47
CAN,TMN,2022,3.45
CAN,TMN,2023,3.42
CAN,TMN,2024,3.39
CAN,TMI,2000,5.27
CAN,TMI,2001,5.26
CAN,TMI,2002,5.27
CAN,TMI,2003,5.28
CAN,TMI,2004,5.27
CAN,TMI,2005,5.25
CAN,TMI,2006,5.2
CAN,TMI,2007,5.15
CAN,TMI,2008,5.09
CAN,TMI,2009,5.03
CAN,TMI,2010,4.97
CAN,TMI,2011,4.9
CAN,TMI,2012,4.84
CAN,TMI,2013,4.77
CAN,TMI,2014,4.71
CAN,TMI,2015,4.65
CAN,TMI,2016,4.59
CAN,TMI,2017,4.55
CAN,TMI,2018,4.52
CAN,TMI,2019,4.51
CAN,TMI,2020,4.52
CAN,TMI,2021,4.55
CAN,TMI,2022,4.61
CAN,TMI,2023,4.67
CAN,TMI,2024,4.72
CHL,TMN,2000,5.73
CHL,TMN,2001,5.49
CHL,TMN,2002,5.32
CHL,TMN,2003,5.28
CHL,TMN,2004,5.35
CHL,TMN,2005,5.45
CHL,TMN,2006,5.47
CHL,TMN,2007,5.41
CHL,TMN,2008,5.36
CHL,TMN,2009,5.33
CHL,TMN,2010,5.32
CHL,TMN,2011,5.3
CHL,TMN,2012,5.27
CHL,TMN,2013,5.25
CHL,TMN,2014,5.24
CHL,TMN,2015,5.23
CHL,TMN,2016,5.23
CHL,TMN,2017,5.18
CHL,TMN,2018,5.02
CHL,TMN,2019,4.75
CHL,TMN,2020,4.53
CHL,TMN,2021,4.47
CHL,TMN,2022,4.54
CHL,TMN,2023,4.64
CHL,TMN,2024,4.68
CHL,TMI,2000,9.16
CHL,TMI,2001,8.7
CHL,TMI,2002,8.28
CHL,TMI,2003,7.98
CHL,TMI,2004,7.82
CHL,TMI,2005,7.74
CHL,TMI,2006,7.66
CHL,TMI,2007,7.6
CHL,TMI,2008,7.56
CHL,TMI,2009,7.53
CHL,TMI,2010,7.49
CHL,TMI,2011,7.4
CHL,TMI,2012,7.26
CHL,TMI,2013,7.1
CHL,TMI,2014,6.95
CHL,TMI,2015,6.8
CHL,TMI,2016,6.68
CHL,TMI,2017,6.53
CHL,TMI,2018,6.31
CHL,TMI,2019,6.04
CHL,TMI,2020,5.83
CHL,TMI,2021,5.79
CHL,TMI,2022,5.86
CHL,TMI,2023,5.89
CHL,TMI,2024,5.8
COL,TMN,2000,13.5
COL,TMN,2001,13.08
COL,TMN,2002,12.69
COL,TMN,2003,12.33
COL,TMN,2004,11.99
COL,TMN,2005,11.66
COL,TMN,2006,11.32
COL,TMN,2007,10.98
COL,TMN,2008,10.65
COL,TMN,2009,10.31
COL,TMN,2010,9.98
COL,TMN,2011,9.64
COL,TMN,2012,9.33
COL,TMN,2013,9.03
COL,TMN,2014,8.73
COL,TMN,2015,8.45
COL,TMN,2016,8.18
COL,TMN,2017,7.9
COL,TMN,2018,7.66
COL,TMN,2019,7.41
COL,TMN,2020,7.19
COL,TMN,2021,6.94
COL,TMN,2022,6.7
COL,TMN,2023,6.48
COL,TMN,2024,6.26
COL,TMI,2000,21.59
COL,TMI,2001,20.97
COL,TMI,2002,20.37
COL,TMI,2003,19.81
COL,TMI,2004,19.27
COL,TMI,2005,18.74
COL,TMI,2006,18.22
COL,TMI,2007,17.71
COL,TMI,2008,17.2
COL,TMI,2009,16.7
COL,TMI,2010,16.19
COL,TMI,2011,15.72
COL,TMI,2012,15.25
COL,TMI,2013,14.78
COL,TMI,2014,14.32
COL,TMI,2015,13.89
COL,TMI,2016,13.47
COL,TMI,2017,13.05
COL,TMI,2018,12.65
COL,TMI,2019,12.25
COL,TMI,2020,11.88
COL,TMI,2021,11.52
COL,TMI,2022,11.16
COL,TMI,2023,10.82
COL,TMI,2024,10.49
CRI,TMN,2000,7.62
CRI,TMN,2001,7.46
CRI,TMN,2002,7.3
CRI,TMN,2003,7.19
CRI,TMN,2004,7.13
CRI,TMN,2005,7.09
CRI,TMN,2006,7
CRI,TMN,2007,6.89
CRI,TMN,2008,6.77
CRI,TMN,2009,6.67
CRI,TMN,2010,6.6
CRI,TMN,2011,6.52
CRI,TMN,2012,6.44
CRI,TMN,2013,6.36
CRI,TMN,2014,6.27
CRI,TMN,2015,6.2
CRI,TMN,2016,6.15
CRI,TMN,2017,6.14
CRI,TMN,2018,6.17
CRI,TMN,2019,6.24
CRI,TMN,2020,6.36
CRI,TMN,2021,6.55
CRI,TMN,2022,6.79
CRI,TMN,2023,7.05
CRI,TMN,2024,7.3
CRI,TMI,2000,11.21
CRI,TMI,2001,10.79
CRI,TMI,2002,10.42
CRI,TMI,2003,10.13
CRI,TMI,2004,9.91
CRI,TMI,2005,9.75
CRI,TMI,2006,9.63
CRI,TMI,2007,9.53
CRI,TMI,2008,9.41
CRI,TMI,2009,9.25
CRI,TMI,2010,9.04
CRI,TMI,2011,8.78
CRI,TMI,2012,8.5
CRI,TMI,2013,8.22
CRI,TMI,2014,7.98
CRI,TMI,2015,7.8
CRI,TMI,2016,7.7
CRI,TMI,2017,7.7
CRI,TMI,2018,7.77
CRI,TMI,2019,7.91
CRI,TMI,2020,8.11
CRI,TMI,2021,8.34
CRI,TMI,2022,8.59
CRI,TMI,2023,8.85
CRI,TMI,2024,9.08
CUB,TMN,2000,4.14
CUB,TMN,2001,4.04
CUB,TMN,2002,3.89
CUB,TMN,2003,3.7
CUB,TMN,2004,3.48
CUB,TMN,2005,3.27
CUB,TMN,2006,3.14
CUB,TMN,2007,3.06
CUB,TMN,2008,2.99
CUB,TMN,2009,2.91
CUB,TMN,2010,2.83
CUB,TMN,2011,2.74
CUB,TMN,2012,2.66
CUB,TMN,2013,2.6
CUB,TMN,2014,2.57
CUB,TMN,2015,2.57
CUB,TMN,2016,2.61
CUB,TMN,2017,2.71
CUB,TMN,2018,2.89
CUB,TMN,2019,3.17
CUB,TMN,2020,3.49
CUB,TMN,2021,3.8
CUB,TMN,2022,4.05
CUB,TMN,2023,4.2
CUB,TMN,2024,4.26
CUB,TMI,2000,6.8
CUB,TMI,2001,6.52
CUB,TMI,2002,6.27
CUB,TMI,2003,6.03
CUB,TMI,2004,5.8
CUB,TMI,2005,5.6
CUB,TMI,2006,5.4
CUB,TMI,2007,5.24
CUB,TMI,2008,5.09
CUB,TMI,2009,4.98
CUB,TMI,2010,4.88
CUB,TMI,2011,4.81
CUB,TMI,2012,4.77
CUB,TMI,2013,4.76
CUB,TMI,2014,4.79
CUB,TMI,2015,4.85
CUB,TMI,2016,4.94
CUB,TMI,2017,5.07
CUB,TMI,2018,5.24
CUB,TMI,2019,5.44
CUB,TMI,2020,5.67
CUB,TMI,2021,5.94
CUB,TMI,2022,6.23
CUB,TMI,2023,6.53
CUB,TMI,2024,6.81
DOM,TMN,2000,22.93
DOM,TMN,2001,22.87
DOM,TMN,2002,22.83
DOM,TMN,2003,22.86
DOM,TMN,2004,22.93
DOM,TMN,2005,23.05
DOM,TMN,2006,23.25
DOM,TMN,2007,23.46
DOM,TMN,2008,23.65
DOM,TMN,2009,23.81
DOM,TMN,2010,23.95
DOM,TMN,2011,24.08
DOM,TMN,2012,24.19
DOM,TMN,2013,24.26
DOM,TMN,2014,24.31
DOM,TMN,2015,24.36
DOM,TMN,2016,24.41
DOM,TMN,2017,24.39
DOM,TMN,2018,24.23
DOM,TMN,2019,23.91
DOM,TMN,2020,23.47
DOM,TMN,2021,22.99
DOM,TMN,2022,22.47
DOM,TMN,2023,21.82
DOM,TMN,2024,21.24
DOM,TMI,2000,33.45
DOM,TMI,2001,32.72
DOM,TMI,2002,32.1
DOM,TMI,2003,31.65
DOM,TMI,2004,31.26
DOM,TMI,2005,30.98
DOM,TMI,2006,30.75
DOM,TMI,2007,30.62
DOM,TMI,2008,30.54
DOM,TMI,2009,30.51
DOM,TMI,2010,30.53
DOM,TMI,2011,30.55
DOM,TMI,2012,30.65
DOM,TMI,2013,30.77
DOM,TMI,2014,30.9
DOM,TMI,2015,31.02
DOM,TMI,2016,31.16
DOM,TMI,2017,31.22
DOM,TMI,2018,31.13
DOM,TMI,2019,30.85
DOM,TMI,2020,30.39
DOM,TMI,2021,29.77
DOM,TMI,2022,29.15
DOM,TMI,2023,28.44
DOM,TMI,2024,27.71
ECU,TMN,2000,14.15
ECU,TMN,2001,13.38
ECU,TMN,2002,12.74
ECU,TMN,2003,12.17
ECU,TMN,2004,11.65
ECU,TMN,2005,11.17
ECU,TMN,2006,10.7
ECU,TMN,2007,10.27
ECU,TMN,2008,9.85
ECU,TMN,2009,9.41
ECU,TMN,2010,9
ECU,TMN,2011,8.6
ECU,TMN,2012,8.2
ECU,TMN,2013,7.85
ECU,TMN,2014,7.53
ECU,TMN,2015,7.27
ECU,TMN,2016,7.09
ECU,TMN,2017,6.97
ECU,TMN,2018,6.95
ECU,TMN,2019,6.99
ECU,TMN,2020,7.07
ECU,TMN,2021,7.15
ECU,TMN,2022,7.15
ECU,TMN,2023,7.09
ECU,TMN,2024,6.99
ECU,TMI,2000,24.13
ECU,TMI,2001,22.93
ECU,TMI,2002,21.88
ECU,TMI,2003,21
ECU,TMI,2004,20.22
ECU,TMI,2005,19.5
ECU,TMI,2006,18.81
ECU,TMI,2007,18.11
ECU,TMI,2008,17.4
ECU,TMI,2009,16.69
ECU,TMI,2010,15.99
ECU,TMI,2011,15.28
ECU,TMI,2012,14.6
ECU,TMI,2013,13.97
ECU,TMI,2014,13.4
ECU,TMI,2015,12.92
ECU,TMI,2016,12.52
ECU,TMI,2017,12.18
ECU,TMI,2018,11.9
ECU,TMI,2019,11.68
ECU,TMI,2020,11.49
ECU,TMI,2021,11.32
ECU,TMI,2022,11.19
ECU,TMI,2023,11.07
ECU,TMI,2024,10.95
GTM,TMN,2000,21.07
GTM,TMN,2001,20.47
GTM,TMN,2002,19.9
GTM,TMN,2003,19.37
GTM,TMN,2004,18.85
GTM,TMN,2005,18.39
GTM,TMN,2006,17.95
GTM,TMN,2007,17.52
GTM,TMN,2008,17.1
GTM,TMN,2009,16.56
GTM,TMN,2010,15.94
GTM,TMN,2011,15.3
GTM,TMN,2012,14.68
GTM,TMN,2013,14.08
GTM,TMN,2014,13.5
GTM,TMN,2015,12.99
GTM,TMN,2016,12.52
GTM,TMN,2017,12.07
GTM,TMN,2018,11.64
GTM,TMN,2019,11.24
GTM,TMN,2020,10.86
GTM,TMN,2021,10.48
GTM,TMN,2022,10.1
GTM,TMN,2023,9.76
GTM,TMN,2024,9.45
GTM,TMI,2000,40.7
GTM,TMI,2001,39.22
GTM,TMI,2002,37.78
GTM,TMI,2003,36.45
GTM,TMI,2004,35.14
GTM,TMI,2005,33.87
GTM,TMI,2006,32.65
GTM,TMI,2007,31.45
GTM,TMI,2008,30.29
GTM,TMI,2009,29.15
GTM,TMI,2010,28.04
GTM,TMI,2011,26.97
GTM,TMI,2012,25.95
GTM,TMI,2013,24.94
GTM,TMI,2014,24
GTM,TMI,2015,23.12
GTM,TMI,2016,22.32
GTM,TMI,2017,21.58
GTM,TMI,2018,20.84
GTM,TMI,2019,20.18
GTM,TMI,2020,19.53
GTM,TMI,2021,18.91
GTM,TMI,2022,18.29
GTM,TMI,2023,17.72
GTM,TMI,2024,17.19
GUY,TMN,2000,27.19
GUY,TMN,2001,26.66
GUY,TMN,2002,26.15
GUY,TMN,2003,25.7
GUY,TMN,2004,25.27
GUY,TMN,2005,24.85
GUY,TMN,2006,24.45
GUY,TMN,2007,24.03
GUY,TMN,2008,23.63
GUY,TMN,2009,23.23
GUY,TMN,2010,22.84
GUY,TMN,2011,22.5
GUY,TMN,2012,22.04
GUY,TMN,2013,21.51
GUY,TMN,2014,20.96
GUY,TMN,2015,20.31
GUY,TMN,2016,19.71
GUY,TMN,2017,19.14
GUY,TMN,2018,18.54
GUY,TMN,2019,17.98
GUY,TMN,2020,17.45
GUY,TMN,2021,16.87
GUY,TMN,2022,16.33
GUY,TMN,2023,15.79
GUY,TMN,2024,15.28
GUY,TMI,2000,41.48
GUY,TMI,2001,40.55
GUY,TMI,2002,39.68
GUY,TMI,2003,38.78
GUY,TMI,2004,38.03
GUY,TMI,2005,37.3
GUY,TMI,2006,36.61
GUY,TMI,2007,35.95
GUY,TMI,2008,35.31
GUY,TMI,2009,34.64
GUY,TMI,2010,34.05
GUY,TMI,2011,33.44
GUY,TMI,2012,32.77
GUY,TMI,2013,32.09
GUY,TMI,2014,31.32
GUY,TMI,2015,30.44
GUY,TMI,2016,29.61
GUY,TMI,2017,28.79
GUY,TMI,2018,27.93
GUY,TMI,2019,27.13
GUY,TMI,2020,26.3
GUY,TMI,2021,25.53
GUY,TMI,2022,24.76
GUY,TMI,2023,23.95
GUY,TMI,2024,23.24
HND,TMN,2000,17.93
HND,TMN,2001,17.41
HND,TMN,2002,16.85
HND,TMN,2003,16.35
HND,TMN,2004,15.9
HND,TMN,2005,15.51
HND,TMN,2006,15.16
HND,TMN,2007,14.8
HND,TMN,2008,14.43
HND,TMN,2009,14.04
HND,TMN,2010,13.63
HND,TMN,2011,13.19
HND,TMN,2012,12.76
HND,TMN,2013,12.32
HND,TMN,2014,11.89
HND,TMN,2015,11.47
HND,TMN,2016,11.06
HND,TMN,2017,10.67
HND,TMN,2018,10.31
HND,TMN,2019,9.95
HND,TMN,2020,9.61
HND,TMN,2021,9.28
HND,TMN,2022,8.96
HND,TMN,2023,8.67
HND,TMN,2024,8.4
HND,TMI,2000,29.62
HND,TMI,2001,28.41
HND,TMI,2002,27.25
HND,TMI,2003,26.13
HND,TMI,2004,25.08
HND,TMI,2005,24.1
HND,TMI,2006,23.19
HND,TMI,2007,22.32
HND,TMI,2008,21.53
HND,TMI,2009,20.79
HND,TMI,2010,20.09
HND,TMI,2011,19.42
HND,TMI,2012,18.79
HND,TMI,2013,18.19
HND,TMI,2014,17.6
HND,TMI,2015,17.01
HND,TMI,2016,16.46
HND,TMI,2017,15.91
HND,TMI,2018,15.4
HND,TMI,2019,14.93
HND,TMI,2020,14.46
HND,TMI,2021,14.01
HND,TMI,2022,13.58
HND,TMI,2023,13.17
HND,TMI,2024,12.75
HTI,TMN,2000,29.54
HTI,TMN,2001,29.15
HTI,TMN,2002,28.99
HTI,TMN,2003,29.01
HTI,TMN,2004,29.05
HTI,TMN,2005,29.05
HTI,TMN,2006,28.97
HTI,TMN,2007,28.82
HTI,TMN,2008,28.58
HTI,TMN,2009,28.34
HTI,TMN,2010,29.12
HTI,TMN,2011,27.94
HTI,TMN,2012,27.7
HTI,TMN,2013,27.42
HTI,TMN,2014,27.09
HTI,TMN,2015,26.7
HTI,TMN,2016,26.25
HTI,TMN,2017,25.83
HTI,TMN,2018,25.44
HTI,TMN,2019,25.02
HTI,TMN,2020,24.52
HTI,TMN,2021,24
HTI,TMN,2022,23.61
HTI,TMN,2023,23.12
HTI,TMN,2024,22.63
HTI,TMI,2000,71.06
HTI,TMI,2001,68.77
HTI,TMI,2002,66.71
HTI,TMI,2003,64.87
HTI,TMI,2004,63.24
HTI,TMI,2005,61.76
HTI,TMI,2006,60.42
HTI,TMI,2007,59.14
HTI,TMI,2008,57.96
HTI,TMI,2009,56.76
HTI,TMI,2010,79.29
HTI,TMI,2011,54.38
HTI,TMI,2012,53.23
HTI,TMI,2013,52.04
HTI,TMI,2014,50.87
HTI,TMI,2015,49.71
HTI,TMI,2016,48.48
HTI,TMI,2017,47.24
HTI,TMI,2018,46.03
HTI,TMI,2019,44.73
HTI,TMI,2020,43.63
HTI,TMI,2021,42.5
HTI,TMI,2022,41.29
HTI,TMI,2023,40.09
HTI,TMI,2024,38.99
JAM,TMN,2000,15.97
JAM,TMN,2001,15.73
JAM,TMN,2002,15.53
JAM,TMN,2003,15.4
JAM,TMN,2004,15.32
JAM,TMN,2005,15.29
JAM,TMN,2006,15.27
JAM,TMN,2007,15.26
JAM,TMN,2008,15.2
JAM,TMN,2009,15.12
JAM,TMN,2010,15.04
JAM,TMN,2011,14.94
JAM,TMN,2012,14.83
JAM,TMN,2013,14.69
JAM,TMN,2014,14.52
JAM,TMN,2015,14.3
JAM,TMN,2016,14.1
JAM,TMN,2017,13.99
JAM,TMN,2018,14.03
JAM,TMN,2019,14.12
JAM,TMN,2020,14.17
JAM,TMN,2021,14.13
JAM,TMN,2022,14.03
JAM,TMN,2023,13.87
JAM,TMN,2024,13.65
JAM,TMI,2000,18.47
JAM,TMI,2001,18.02
JAM,TMI,2002,17.68
JAM,TMI,2003,17.47
JAM,TMI,2004,17.35
JAM,TMI,2005,17.32
JAM,TMI,2006,17.34
JAM,TMI,2007,17.38
JAM,TMI,2008,17.39
JAM,TMI,2009,17.39
JAM,TMI,2010,17.38
JAM,TMI,2011,17.34
JAM,TMI,2012,17.31
JAM,TMI,2013,17.26
JAM,TMI,2014,17.22
JAM,TMI,2015,17.16
JAM,TMI,2016,17.14
JAM,TMI,2017,17.16
JAM,TMI,2018,17.21
JAM,TMI,2019,17.24
JAM,TMI,2020,17.21
JAM,TMI,2021,17.11
JAM,TMI,2022,16.93
JAM,TMI,2023,16.69
JAM,TMI,2024,16.39
MEX,TMN,2000,13.94
MEX,TMN,2001,12.96
MEX,TMN,2002,11.95
MEX,TMN,2003,10.99
MEX,TMN,2004,10.15
MEX,TMN,2005,9.51
MEX,TMN,2006,9.12
MEX,TMN,2007,8.98
MEX,TMN,2008,9
MEX,TMN,2009,9
MEX,TMN,2010,8.91
MEX,TMN,2011,8.78
MEX,TMN,2012,8.65
MEX,TMN,2013,8.56
MEX,TMN,2014,8.49
MEX,TMN,2015,8.47
MEX,TMN,2016,8.61
MEX,TMN,2017,8.95
MEX,TMN,2018,9.33
MEX,TMN,2019,9.49
MEX,TMN,2020,9.36
MEX,TMN,2021,9.08
MEX,TMN,2022,8.78
MEX,TMN,2023,8.49
MEX,TMN,2024,8.23
MEX,TMI,2000,23.96
MEX,TMI,2001,22.92
MEX,TMI,2002,21.94
MEX,TMI,2003,21.04
MEX,TMI,2004,20.25
MEX,TMI,2005,19.55
MEX,TMI,2006,18.91
MEX,TMI,2007,18.35
MEX,TMI,2008,17.85
MEX,TMI,2009,17.39
MEX,TMI,2010,16.97
MEX,TMI,2011,16.56
MEX,TMI,2012,16.16
MEX,TMI,2013,15.79
MEX,TMI,2014,15.41
MEX,TMI,2015,15.05
MEX,TMI,2016,14.71
MEX,TMI,2017,14.38
MEX,TMI,2018,14.05
MEX,TMI,2019,13.73
MEX,TMI,2020,13.42
MEX,TMI,2021,13.1
MEX,TMI,2022,12.76
MEX,TMI,2023,12.42
MEX,TMI,2024,12.08
PAN,TMN,2000,12.52
PAN,TMN,2001,12.04
PAN,TMN,2002,11.58
PAN,TMN,2003,11.11
PAN,TMN,2004,10.65
PAN,TMN,2005,10.17
PAN,TMN,2006,9.76
PAN,TMN,2007,9.37
PAN,TMN,2008,8.99
PAN,TMN,2009,8.64
PAN,TMN,2010,8.29
PAN,TMN,2011,7.97
PAN,TMN,2012,7.7
PAN,TMN,2013,7.47
PAN,TMN,2014,7.32
PAN,TMN,2015,7.28
PAN,TMN,2016,7.33
PAN,TMN,2017,7.41
PAN,TMN,2018,7.49
PAN,TMN,2019,7.57
PAN,TMN,2020,7.59
PAN,TMN,2021,7.45
PAN,TMN,2022,6.95
PAN,TMN,2023,6.13
PAN,TMN,2024,5.3
PAN,TMI,2000,20.5
PAN,TMI,2001,19.91
PAN,TMI,2002,19.3
PAN,TMI,2003,18.68
PAN,TMI,2004,18.05
PAN,TMI,2005,17.44
PAN,TMI,2006,16.86
PAN,TMI,2007,16.32
PAN,TMI,2008,15.81
PAN,TMI,2009,15.33
PAN,TMI,2010,14.91
PAN,TMI,2011,14.53
PAN,TMI,2012,14.23
PAN,TMI,2013,13.96
PAN,TMI,2014,13.77
PAN,TMI,2015,13.63
PAN,TMI,2016,13.48
PAN,TMI,2017,13.26
PAN,TMI,2018,12.94
PAN,TMI,2019,12.57
PAN,TMI,2020,12.23
PAN,TMI,2021,11.98
PAN,TMI,2022,11.86
PAN,TMI,2023,11.89
PAN,TMI,2024,11.97
PER,TMN,2000,16.13
PER,TMN,2001,15.23
PER,TMN,2002,14.33
PER,TMN,2003,13.58
PER,TMN,2004,12.92
PER,TMN,2005,12.3
PER,TMN,2006,11.7
PER,TMN,2007,11.11
PER,TMN,2008,10.59
PER,TMN,2009,10.13
PER,TMN,2010,9.71
PER,TMN,2011,9.32
PER,TMN,2012,8.96
PER,TMN,2013,8.65
PER,TMN,2014,8.39
PER,TMN,2015,8.18
PER,TMN,2016,8
PER,TMN,2017,7.84
PER,TMN,2018,7.67
PER,TMN,2019,7.5
PER,TMN,2020,7.32
PER,TMN,2021,7.13
PER,TMN,2022,6.92
PER,TMN,2023,6.72
PER,TMN,2024,6.52
PER,TMI,2000,30.06
PER,TMI,2001,27.84
PER,TMI,2002,25.88
PER,TMI,2003,24.17
PER,TMI,2004,22.66
PER,TMI,2005,21.33
PER,TMI,2006,20.14
PER,TMI,2007,19.07
PER,TMI,2008,18.11
PER,TMI,2009,17.26
PER,TMI,2010,16.49
PER,TMI,2011,15.79
PER,TMI,2012,15.19
PER,TMI,2013,14.66
PER,TMI,2014,14.2
PER,TMI,2015,13.79
PER,TMI,2016,13.44
PER,TMI,2017,13.12
PER,TMI,2018,12.82
PER,TMI,2019,12.52
PER,TMI,2020,12.24
PER,TMI,2021,11.94
PER,TMI,2022,11.62
PER,TMI,2023,11.3
PER,TMI,2024,10.98
PRY,TMN,2000,17.98
PRY,TMN,2001,17.56
PRY,TMN,2002,17.11
PRY,TMN,2003,16.69
PRY,TMN,2004,16.27
PRY,TMN,2005,15.82
PRY,TMN,2006,15.4
PRY,TMN,2007,14.97
PRY,TMN,2008,14.55
PRY,TMN,2009,14.12
PRY,TMN,2010,13.7
PRY,TMN,2011,13.24
PRY,TMN,2012,12.85
PRY,TMN,2013,12.45
PRY,TMN,2014,12.08
PRY,TMN,2015,11.72
PRY,TMN,2016,11.31
PRY,TMN,2017,10.93
PRY,TMN,2018,10.52
PRY,TMN,2019,10.18
PRY,TMN,2020,9.84
PRY,TMN,2021,9.52
PRY,TMN,2022,9.2
PRY,TMN,2023,8.9
PRY,TMN,2024,8.59
PRY,TMI,2000,28.72
PRY,TMI,2001,28.09
PRY,TMI,2002,27.47
PRY,TMI,2003,26.92
PRY,TMI,2004,26.36
PRY,TMI,2005,25.75
PRY,TMI,2006,25.13
PRY,TMI,2007,24.5
PRY,TMI,2008,23.82
PRY,TMI,2009,23.16
PRY,TMI,2010,22.5
PRY,TMI,2011,21.85
PRY,TMI,2012,21.2
PRY,TMI,2013,20.59
PRY,TMI,2014,19.98
PRY,TMI,2015,19.31
PRY,TMI,2016,18.69
PRY,TMI,2017,18.14
PRY,TMI,2018,17.57
PRY,TMI,2019,17.05
PRY,TMI,2020,16.51
PRY,TMI,2021,16.01
PRY,TMI,2022,15.52
PRY,TMI,2023,15.01
PRY,TMI,2024,14.53
SLV,TMN,2000,14.5
SLV,TMN,2001,13.64
SLV,TMN,2002,12.84
SLV,TMN,2003,12.11
SLV,TMN,2004,11.43
SLV,TMN,2005,10.79
SLV,TMN,2006,10.2
SLV,TMN,2007,9.67
SLV,TMN,2008,9.18
SLV,TMN,2009,8.72
SLV,TMN,2010,8.28
SLV,TMN,2011,7.88
SLV,TMN,2012,7.49
SLV,TMN,2013,7.1
SLV,TMN,2014,6.74
SLV,TMN,2015,6.4
SLV,TMN,2016,6.09
SLV,TMN,2017,5.81
SLV,TMN,2018,5.53
SLV,TMN,2019,5.28
SLV,TMN,2020,5.05
SLV,TMN,2021,4.85
SLV,TMN,2022,4.66
SLV,TMN,2023,4.5
SLV,TMN,2024,4.34
SLV,TMI,2000,26.44
SLV,TMI,2001,24.97
SLV,TMI,2002,23.62
SLV,TMI,2003,22.34
SLV,TMI,2004,21.15
SLV,TMI,2005,20.03
SLV,TMI,2006,19
SLV,TMI,2007,18.05
SLV,TMI,2008,17.17
SLV,TMI,2009,16.37
SLV,TMI,2010,15.63
SLV,TMI,2011,14.93
SLV,TMI,2012,14.28
SLV,TMI,2013,13.68
SLV,TMI,2014,13.12
SLV,TMI,2015,12.56
SLV,TMI,2016,12.04
SLV,TMI,2017,11.53
SLV,TMI,2018,11.07
SLV,TMI,2019,10.64
SLV,TMI,2020,10.22
SLV,TMI,2021,9.84
SLV,TMI,2022,9.49
SLV,TMI,2023,9.16
SLV,TMI,2024,8.84
SUR,TMN,2000,16.92
SUR,TMN,2001,16.87
SUR,TMN,2002,16.93
SUR,TMN,2003,17.01
SUR,TMN,2004,16.99
SUR,TMN,2005,16.84
SUR,TMN,2006,16.58
SUR,TMN,2007,16.24
SUR,TMN,2008,15.8
SUR,TMN,2009,15.33
SUR,TMN,2010,14.87
SUR,TMN,2011,14.4
SUR,TMN,2012,14.01
SUR,TMN,2013,13.64
SUR,TMN,2014,13.29
SUR,TMN,2015,12.91
SUR,TMN,2016,12.49
SUR,TMN,2017,12.12
SUR,TMN,2018,11.77
SUR,TMN,2019,11.4
SUR,TMN,2020,11.04
SUR,TMN,2021,10.67
SUR,TMN,2022,10.32
SUR,TMN,2023,9.99
SUR,TMN,2024,9.67
SUR,TMI,2000,27.35
SUR,TMI,2001,26.49
SUR,TMI,2002,25.75
SUR,TMI,2003,25.02
SUR,TMI,2004,24.36
SUR,TMI,2005,23.75
SUR,TMI,2006,23.18
SUR,TMI,2007,22.63
SUR,TMI,2008,22.11
SUR,TMI,2009,21.62
SUR,TMI,2010,21.17
SUR,TMI,2011,20.74
SUR,TMI,2012,20.31
SUR,TMI,2013,19.88
SUR,TMI,2014,19.45
SUR,TMI,2015,19.01
SUR,TMI,2016,18.57
SUR,TMI,2017,18.04
SUR,TMI,2018,17.58
SUR,TMI,2019,17.11
SUR,TMI,2020,16.64
SUR,TMI,2021,16.17
SUR,TMI,2022,15.64
SUR,TMI,2023,15.19
SUR,TMI,2024,14.76
TTO,TMN,2000,19.77
TTO,TMN,2001,19.53
TTO,TMN,2002,19.27
TTO,TMN,2003,19.02
TTO,TMN,2004,18.74
TTO,TMN,2005,18.44
TTO,TMN,2006,18.15
TTO,TMN,2007,17.83
TTO,TMN,2008,17.52
TTO,TMN,2009,17.2
TTO,TMN,2010,16.89
TTO,TMN,2011,16.61
TTO,TMN,2012,16.34
TTO,TMN,2013,16.06
TTO,TMN,2014,15.77
TTO,TMN,2015,15.46
TTO,TMN,2016,15.17
TTO,TMN,2017,14.87
TTO,TMN,2018,14.58
TTO,TMN,2019,14.3
TTO,TMN,2020,14.01
TTO,TMN,2021,13.7
TTO,TMN,2022,13.36
TTO,TMN,2023,12.98
TTO,TMN,2024,12.64
TTO,TMI,2000,26.25
TTO,TMI,2001,25.92
TTO,TMI,2002,25.59
TTO,TMI,2003,25.21
TTO,TMI,2004,24.84
TTO,TMI,2005,24.45
TTO,TMI,2006,24.06
TTO,TMI,2007,23.66
TTO,TMI,2008,23.28
TTO,TMI,2009,22.92
TTO,TMI,2010,22.49
TTO,TMI,2011,22.09
TTO,TMI,2012,21.69
TTO,TMI,2013,21.32
TTO,TMI,2014,20.94
TTO,TMI,2015,20.57
TTO,TMI,2016,20.23
TTO,TMI,2017,19.88
TTO,TMI,2018,19.52
TTO,TMI,2019,19.16
TTO,TMI,2020,18.83
TTO,TMI,2021,18.43
TTO,TMI,2022,17.99
TTO,TMI,2023,17.52
TTO,TMI,2024,17.02
URY,TMN,2000,8.47
URY,TMN,2001,8.37
URY,TMN,2002,8.23
URY,TMN,2003,8.03
URY,TMN,2004,7.72
URY,TMN,2005,7.29
URY,TMN,2006,6.75
URY,TMN,2007,6.14
URY,TMN,2008,5.53
URY,TMN,2009,5.08
URY,TMN,2010,4.9
URY,TMN,2011,4.93
URY,TMN,2012,5
URY,TMN,2013,5.03
URY,TMN,2014,5.03
URY,TMN,2015,4.99
URY,TMN,2016,4.93
URY,TMN,2017,4.88
URY,TMN,2018,4.85
URY,TMN,2019,4.77
URY,TMN,2020,4.61
URY,TMN,2021,4.39
URY,TMN,2022,4.21
URY,TMN,2023,4.1
URY,TMN,2024,4.05
URY,TMI,2000,14.71
URY,TMI,2001,14.33
URY,TMI,2002,13.98
URY,TMI,2003,13.59
URY,TMI,2004,13.08
URY,TMI,2005,12.42
URY,TMI,2006,11.67
URY,TMI,2007,10.92
URY,TMI,2008,10.23
URY,TMI,2009,9.66
URY,TMI,2010,9.21
URY,TMI,2011,8.85
URY,TMI,2012,8.54
URY,TMI,2013,8.22
URY,TMI,2014,7.88
URY,TMI,2015,7.51
URY,TMI,2016,7.13
URY,TMI,2017,6.77
URY,TMI,2018,6.47
URY,TMI,2019,6.25
URY,TMI,2020,6.12
URY,TMI,2021,6.07
URY,TMI,2022,6.09
URY,TMI,2023,6.13
URY,TMI,2024,6.17
USA,TMN,2000,4.63
USA,TMN,2001,4.65
USA,TMN,2002,4.65
USA,TMN,2003,4.61
USA,TMN,2004,4.54
USA,TMN,2005,4.48
USA,TMN,2006,4.42
USA,TMN,2007,4.34
USA,TMN,2008,4.23
USA,TMN,2009,4.14
USA,TMN,2010,4.09
USA,TMN,2011,4.07
USA,TMN,2012,4.05
USA,TMN,2013,4.02
USA,TMN,2014,3.96
USA,TMN,2015,3.89
USA,TMN,2016,3.82
USA,TMN,2017,3.78
USA,TMN,2018,3.77
USA,TMN,2019,3.74
USA,TMN,2020,3.64
USA,TMN,2021,3.52
USA,TMN,2022,3.48
USA,TMN,2023,3.55
USA,TMN,2024,3.65
USA,TMI,2000,7.12
USA,TMI,2001,7.03
USA,TMI,2002,6.96
USA,TMI,2003,6.9
USA,TMI,2004,6.83
USA,TMI,2005,6.76
USA,TMI,2006,6.68
USA,TMI,2007,6.59
USA,TMI,2008,6.47
USA,TMI,2009,6.35
USA,TMI,2010,6.23
USA,TMI,2011,6.11
USA,TMI,2012,6.01
USA,TMI,2013,5.92
USA,TMI,2014,5.83
USA,TMI,2015,5.76
USA,TMI,2016,5.69
USA,TMI,2017,5.62
USA,TMI,2018,5.57
USA,TMI,2019,5.52
USA,TMI,2020,5.5
USA,TMI,2021,5.49
USA,TMI,2022,5.49
USA,TMI,2023,5.49
USA,TMI,2024,5.48
