trienio,TMI,Gini,Gini_LI,Gini_LS,SII,RII,Q1,Q4,razon_Q4_Q1
2005-2007,13.130379184206085,0.09534953431966997,0.08951598432857999,0.10157085058147847,6.2627424550298665,1.6125038135779552,10.995405553287766,16.739338019580998,1.5223938706449736
2006-2008,12.856380408532127,0.08990190012153576,0.08439529875860163,0.09746979983061319,5.734864137604006,1.5631870948052975,10.905858855540364,16.29996064338019,1.494605868211794
2007-2009,12.598864501613159,0.08609250038743355,0.08049998826264781,0.09443837969808629,5.034238121649735,1.4918034468054007,10.724371292505639,15.647829570627328,1.4590906211501908
2008-2010,12.130254425888578,0.08349033974699083,0.07887188166240237,0.09277510488356108,4.978154287928644,1.5080588198212632,10.30851828975587,14.92861335427449,1.4481822638962436
2009-2011,11.873172406786368,0.08429261361002105,0.07922304164180566,0.09223175694960216,4.808366484027362,1.5004718293634252,10.0909483913493,14.533637005367536,1.4402647245552096
2010-2012,11.548589838362467,0.08166972344462309,0.07487659217696639,0.08900476189396862,4.365589351352533,1.4601804107848733,9.8377035322765,13.9165490828462,1.4146135871229932
2011-2013,11.216948471446857,0.07481739096751383,0.07026867094292727,0.08379211249063205,4.052527761851038,1.4358443623353794,9.65152160122172,13.301260899195405,1.3781516996772498
2012-2014,10.817893346916074,0.07396962209801217,0.06751659262722934,0.0821540309051553,4.081504343513048,1.4595053481917732,9.372529336312073,12.762485415631254,1.3616906341584276
2013-2015,10.344973389983963,0.0741973518753376,0.06852272970864554,0.08281549748760754,3.9656279386720503,1.468183903371462,8.92484520362645,12.100651434728922,1.3558388026508337
2014-2016,9.994058087815905,0.07637401321718684,0.07144721078076773,0.08610463720650552,3.874416483847073,1.4745964565342007,8.566396941367481,11.86396811429163,1.3849426072004722
2015-2017,9.596124177629706,0.07859088113633561,0.072023605869638,0.08674240190083786,3.502492580401987,1.4413257168213116,8.270516949800715,11.258290302869774,1.3612559373499684
2016-2018,9.326233771651625,0.07275278428028642,0.06628814902033815,0.08172470254429234,3.1808860552324796,1.4070785213530668,8.114187587812044,10.828376146419412,1.3344991139574132
2017-2019,9.1175255062664,0.07782472471106772,0.07137055573229611,0.08820428214576417,3.141490070108584,1.411982776894276,7.9668537004455535,10.403192514104857,1.3058094079878797
2018-2020,8.825353307875584,0.08365085095186942,0.07733841618176199,0.09418595021136202,3.646470722822678,1.5128189998407187,7.550550294343486,10.384751926444574,1.3753635856481001
2019-2021,8.550727132324965,0.0910444204756331,0.0836233729403225,0.10176675714530906,3.8194805661241746,1.5651065674278177,7.244419557078077,10.209937586123045,1.4093520544579095
2020-2022,8.264377713337684,0.09158424477784521,0.08564729739881437,0.10303203075718495,3.637149448067769,1.5547493066573885,7.064039571856337,10.12369518372373,1.4331311540293872
2021-2023,8.12570309500142,0.0872773265157889,0.08056475451238469,0.09971224867845611,3.056054404273246,1.4576868282710969,7.1010757563064555,9.759917628035472,1.3744280392119044
2022-2024,8.298472521427405,0.09376156815763181,0.08542070571450466,0.10651551244800687,3.4350834962955172,1.5143084923841008,7.2362483327076825,10.37046956603937,1.4331279261333634
