anio,observadas,esperadas,PI_LI,PI_LS,exceso,tasa_obs,tasa_esp,razon_OE,exceso_LI,exceso_LS,APC_base,serie,base,grupo
NA,20107,19842.886924477305,18968,20772.025,264.113075522695,8.266236369055573,8.157656217345778,1.0133102142106598,-665.0250000000015,1139,-3.0253865900822907,def,2005-2019,Argentina
NA,4573,4072.343456494511,3804.975,4344,500.656543505489,10.189575571757072,9.074010803433465,1.1229406480209938,229,768.0250000000001,-3.7839656038442193,def,2005-2019,Q4
NA,20107,19558.57617922371,18707.95,20405,548.4238207762901,8.266236369055573,8.040772553819219,1.0280400687530036,-298,1399.0499999999993,-3.2079891075431743,def,2008-2019,Argentina
NA,4573,4044.1110221268764,3762,4326.025,528.8889778731236,10.189575571757072,9.011103188396577,1.1307800342224459,246.97500000000036,811,-3.857262813515716,def,2008-2019,Q4
NA,20107,19372.759307815424,18382.975,20399.025,734.2406921845759,8.266236369055573,7.964380939932547,1.0379006769514947,-292.02500000000146,1724.0250000000015,-3.3597982651270897,def,2010-2019,Argentina
NA,4573,4015.8530072494136,3687,4368.025,557.1469927505864,10.189575571757072,8.948138574772754,1.1387368989215554,204.97500000000036,886,-3.959256818155299,def,2010-2019,Q4
NA,20107,19453.936888393517,18206.925000000003,20734.025,653.0631116064833,8.266236369055573,7.997754047254701,1.0335697147242269,-627.0250000000015,1900.074999999997,-3.2741875743655946,def,2012-2019,Argentina
NA,4573,4086.483206176509,3656,4547.025,486.51679382349084,10.189575571757072,9.105517046151691,1.119055131093686,25.975000000000364,917,-3.672163344378643,def,2012-2019,Q4
NA,20107,19643.87413220183,18744.975,20591.025,463.1258677981714,8.266236369055573,8.075839597192854,1.0235760962772094,-484.02500000000146,1362.0250000000015,-3.1012391868731504,def,2005-2018,Argentina
NA,4573,4003.8889230918116,3737.975,4282,569.1110769081884,10.189575571757072,8.921480158050526,1.14213957675647,291,835.0250000000001,-3.908264808499373,def,2005-2018,Q4
