anio,nv,def,P,Q,R,J,AB,VY,OT,P_tasa,P_pct,Q_tasa,Q_pct,R_tasa,R_pct,J_tasa,J_pct,AB_tasa,AB_pct,VY_tasa,VY_pct,OT_tasa,OT_pct
2005,712220,9507,4924,2206,547,673,330,335,492,6.913594114178204,51.79341537814243,3.0973575580579036,23.203954980540654,0.7680211170705681,5.753655201430525,0.944932745499986,7.078994425160408,0.46333997921990394,3.4711265383401706,0.47036028193535706,3.5237193646786578,0.690797787200584,5.1751341117071625
2006,696451,8986,4402,2253,518,727,362,293,431,6.320616956541092,48.98731359893167,3.2349727403650794,25.07233474293345,0.7437709185570844,5.7645225906966395,1.0438638181293443,8.090362786556867,0.5197781322734837,4.028488760293791,0.42070439987881414,3.2606276430002223,0.6188518646681532,4.7963498775873585
2007,700792,9300,4557,2096,568,875,413,318,473,6.502642724232011,49,2.9909017226224046,22.537634408602152,0.8105115355198118,6.10752688172043,1.2485873126405551,9.408602150537634,0.5893332115663421,4.440860215053764,0.4537723033367961,3.4193548387096775,0.6749506272902659,5.086021505376344
2008,746460,9341,4724,2285,532,741,363,220,476,6.328537363020121,50.57274381757841,3.061115130080647,24.462049031152983,0.7126972644214024,5.695321700032117,0.9926854754440961,7.9327695107590195,0.4862953138815208,3.886093565999358,0.2947244326554671,2.3552082218177928,0.6376764997454653,5.0958141526603145
2009,745336,9026,4446,2257,557,726,346,262,432,5.965094937048526,49.25769997784179,3.0281644788390736,25.005539552404166,0.747313963098522,6.171061378240638,0.9740573378986122,8.04343009084866,0.46422016379190056,3.8333702636826943,0.35151931477883797,2.9027254597828493,0.5796043663528931,4.786173277199202
2010,756176,8961,4487,2275,521,675,305,260,438,5.933803770550771,50.07253654726035,3.008558854023402,25.387791541122645,0.6889930386576669,5.814083249637317,0.8926493303146357,7.532641446267157,0.40334525295698354,3.403637986831827,0.3438352976026745,2.9014618904140166,0.5792302321152747,4.887847338466688
2011,758042,8878,4329,2220,528,764,377,262,398,5.710765366562803,48.760982203198914,2.9285976238783604,25.00563189907637,0.6965313267602586,5.947285424645191,1.0078597228121926,8.605541788691147,0.49733392081177563,4.246451903581887,0.3456272871424011,2.951115116017121,0.5250368713079223,4.482991664789367
2012,738318,8227,4068,2175,476,609,288,247,364,5.509820971451326,49.44694299258539,2.9458851064175597,26.437340464324784,0.6447086485769005,5.785827154491309,0.8248478297969168,7.40245533001094,0.3900758209877045,3.500668530448523,0.334544193694316,3.0023094688221708,0.49301249597057095,4.424456059316883
2013,754603,8174,4160,2134,445,565,287,230,353,5.51283257553972,50.893075605578666,2.8279770952408088,26.10716907266944,0.589714061566148,5.444091020308295,0.7487380781682553,6.912160508930756,0.3803324397067067,3.51113286028872,0.3047960318207057,2.8137998531930513,0.46779564883786573,4.3185710790310745
2014,777012,8202,4139,2343,376,543,244,234,323,5.326816059468837,50.46330163374787,3.015397445599296,28.566203365032916,0.4839050104760287,4.584247744452573,0.6988309060863924,6.620336503291881,0.31402346424508243,2.974884174591563,0.30115365013667744,2.852962692026335,0.41569499570148205,3.9380638868568645
2015,770040,7445,3728,2085,394,503,236,176,323,4.841306945093761,50.07387508394896,2.7076515505688015,28.00537273337811,0.5116617318580853,5.29214237743452,0.6532128201132409,6.756212222968435,0.30647758557996985,3.1699126930826056,0.22855955534777414,2.364002686366689,0.4194587294166537,4.338482202820685
2016,728035,7093,3488,1919,414,526,261,181,304,4.790978455706113,49.17524319751868,2.635862286840605,27.05484280276329,0.5686539795476866,5.836740448329339,0.7224927372997177,7.415762018891865,0.3584992479757155,3.6796841956858874,0.2486144210099789,2.551811645284083,0.41756234246979884,4.285915691526857
2017,704609,6579,3383,1864,294,402,212,142,282,4.801244378087706,51.42118863049095,2.645438817840817,28.332573339413287,0.417252689080043,4.468764249886001,0.5705291871094464,6.110351117191063,0.3008760887243847,3.2223742210062323,0.20153021037199353,2.1583827329381364,0.4002219670767759,4.286365709074327
2018,685394,6048,3039,1690,351,380,196,135,257,4.433946022287911,50.24801587301587,2.4657350370735664,27.943121693121693,0.5121142000075869,5.803571428571429,0.5544256296378434,6.283068783068783,0.28596690370794026,3.2407407407407405,0.19696700000291803,2.232142857142857,0.37496680741296246,4.249338624338624
2019,625441,5745,2880,1615,312,375,168,137,258,4.604750887773586,50.13054830287206,2.58217801519248,28.111401218450826,0.4988480128421386,5.430809399477806,0.5995769385121859,6.527415143603134,0.26861046845345926,2.9242819843342036,0.2190454415364519,2.3846823324630115,0.41250893369638386,4.490861618798955
2020,533299,4505,2439,1316,238,136,105,84,187,4.573419413874769,54.139844617092116,2.4676588555388252,29.211986681465042,0.44627872919319184,5.283018867924529,0.2550164166818239,3.018867924528302,0.1968876746440552,2.3307436182019976,0.1575101397152442,1.8645948945615984,0.35064757293750787,4.150943396226415
2021,529794,4238,2257,1249,191,145,99,86,211,4.260146396523932,53.25625294950448,2.3575200927152817,29.471448796602175,0.3605174841542184,4.506842850401132,0.2736912837819983,3.4214252005663046,0.18686508340977814,2.3360075507314773,0.1623272441741507,2.0292590844738085,0.3982680060551837,4.978763567720623
2022,495295,4162,2188,1078,218,229,115,101,233,4.417569327370557,52.570879384911095,2.1764806832291863,25.901009130225855,0.4401417337142511,5.237866410379626,0.4623507202778142,5.502162421912542,0.23218485952815998,2.7630946660259488,0.20391887662907965,2.4267179240749637,0.4704267153918372,5.598270062469966
2023,460902,3689,1922,1063,163,173,86,104,178,4.170083879002477,52.10084033613446,2.306347119344242,28.815397126592572,0.3536543560236233,4.418541610192464,0.37535094228274124,4.689617782596909,0.18659064182841473,2.3312550826782323,0.2256444970948271,2.8191921930062347,0.3861992354123002,4.825155868799133
2024,413135,3513,1951,948,141,137,84,103,149,4.722427293741755,55.53657842300028,2.2946494487274136,26.98548249359522,0.34129279775376087,4.013663535439795,0.33161073256925705,3.89980074010817,0.20332336887458094,2.391118701964133,0.24931317850097423,2.9319669797893537,0.36065692812276856,4.241389126103046
