anio,nv,indice_nv_2014,p_m20,p_bpn,p_pret,p_edb
2005,712220,91.66139004288222,15.0387520709893,7.257551771076471,7.915236631312378,41.5324123762362
2006,696451,89.63194905612784,15.313496570469423,7.206243458950475,8.067894398242125,39.341470588235296
2007,700792,90.1906276865737,15.633882806881358,7.206286961652938,8.048491437572974,39.23007327137009
2008,746460,96.0680143936001,15.402164884923506,7.27609794382912,8.22028658963826,37.25992458004799
2009,745336,95.92335768302162,15.674004744169073,7.120871074469816,8.218012727595593,36.26347012044844
2010,756176,97.31844553237273,15.550744800152346,7.239974311498553,8.368652115870931,34.422911101515176
2011,758042,97.55859626363556,15.699921640225739,7.187884665597374,8.668899887441365,32.86542627409889
2012,738318,95.02015412889376,15.480050601502334,7.157799311855722,8.504163220979697,30.564134773239942
2013,754603,97.11600335644752,15.555994344045809,7.41158645133139,8.684758343302281,28.424431631176176
2014,777012,100,15.051504996061837,7.16901662793009,8.484236186701951,27.249195400434434
2015,770040,99.102716560362,14.505610098176719,7.204231487571389,8.459800741427248,25.566861356650694
2016,728035,93.69675114412648,13.642750691931019,7.2502868354977625,8.869932772992401,22.890180533590748
2017,704609,90.6818684910915,13.351944127878015,7.342896028232991,8.87754867149689,22.093553640714955
2018,685394,88.20893371016149,12.71064526389201,7.389154575666694,8.93927304964539,19.89872746386168
2019,625441,80.49309405774943,11.470466438880726,7.620293712919309,8.99023821089273,18.52779493409132
2020,533299,68.63458994198288,9.986892906230839,7.245718012160269,8.653042677972497,17.45509943890715
2021,529794,68.18350295748328,8.990286790714881,7.366967580237173,9.025371902902378,17.661339391990037
2022,495295,63.74354578822463,8.943558889146871,7.890967693301305,9.199899581794915,16.155083954718812
2023,460902,59.3172306219209,8.800135386698257,7.807643599092724,9.47199027459829,15.12428381837795
2024,413135,53.16970651675908,8.542486112287751,8.16580562815292,9.735531600701616,13.16713171825697
