prov,provincia,cuartil,pnbi2010
02,CABA,Q1,7.0265089556804785
06,Buenos Aires,Q2,11.285867387618662
10,Catamarca,Q3,14.598354912918513
14,Córdoba,Q1,8.778763701713716
18,Corrientes,Q4,19.808322271880368
22,Chaco,Q4,23.2793149420768
26,Chubut,Q2,10.78962746677002
30,Entre Ríos,Q2,11.628475729703863
34,Formosa,Q4,25.32618843406781
38,Jujuy,Q3,18.19064338014644
42,La Pampa,Q1,5.761098526127168
46,La Rioja,Q3,15.532922270468092
50,Mendoza,Q1,10.371265697002098
54,Misiones,Q4,19.25681462408849
58,Neuquén,Q2,12.507749306252585
62,Río Negro,Q2,11.79061618610475
66,Salta,Q4,23.786811021166727
70,San Juan,Q3,14.143034299420052
74,San Luis,Q2,10.797552312094211
78,Santa Cruz,Q1,9.765626474507302
82,Santa Fe,Q1,9.540223712515834
86,Santiago del Estero,Q4,22.82165704118707
90,Tucumán,Q3,16.552055846054117
94,Tierra del Fuego,Q3,14.55001289823294
