prov,provincia,region,TMI_2005_2007,TMI_2022_2024,VAP_2005_2024,LI_2005_2024,LS_2005_2024,p_2005_2024,tend_2005_2024,VAP_2005_2014,p_2005_2014,VAP_2014_2024,p_2014_2024,tend_2014_2024,pnbi2010,pnbi2022,TMI_2012_2014
02,CABA,Centro,8.24931958446736,5.489648092169053,-2.8273,-3.8241,-1.8202,1.5534950258356195e-5,DESCENSO,0.4794,0.557140674857625,-4.2526,0.006033616500304906,DESCENSO,7.0265089556804785,5.986585489559851,8.469144845266435
06,Buenos Aires,Centro,13.062291420812873,7.937377852689051,-3.0504,-3.384,-2.7156,2.5982433321087246e-13,DESCENSO,-2.3506,1.8595585350408419e-4,-2.9452,6.30139664185762e-5,DESCENSO,11.285867387618662,9.035450016215837,10.957356744139311
10,Catamarca,NOA,15.708301599390708,7.4430144208404405,-4.2384,-5.446,-3.0154,1.1249332441556337e-6,DESCENSO,-6.6825,0.0014311481586090585,-3.316,0.0666325512592695,ESTABLE,14.598354912918513,8.823151125401928,9.273335360291883
14,Córdoba,Centro,12.072238124591845,7.280762763344397,-3.3316,-3.8358,-2.8247,6.465547091032845e-11,DESCENSO,-3.3202,4.512834273279074e-4,-2.7504,0.0029955278299284554,DESCENSO,8.778763701713716,6.565918095813711,9.402876652622403
18,Corrientes,NEA,17.106089139987446,13.03524614040198,-2.127,-2.7733,-1.4763,2.211220542592279e-6,DESCENSO,-1.7502,0.021501165080878737,-1.7465,0.11146328193115579,ESTABLE,19.808322271880368,15.158419107344065,15.065072514097666
22,Chaco,NEA,19.968664065997313,10.685627221940072,-3.6912,-4.7512,-2.6194,1.1911588321394194e-6,DESCENSO,-6.6174,4.789020258066379e-4,-1.5099,0.16902678871562474,ESTABLE,23.2793149420768,14.310738989670131,12.556788560363447
26,Chubut,Patagonia,11.361512875135478,6.426812421166437,-3.2994,-4.3809,-2.2056,6.554072097160306e-6,DESCENSO,-3.1845,4.4234784157368514e-4,-2.8094,0.148515933453867,ESTABLE,10.78962746677002,6.959660974393252,9.071594779617575
30,Entre Ríos,Centro,12.570072297434455,9.753642638036808,-1.9387,-2.654,-1.2182,2.486095029130127e-5,DESCENSO,-3.4951,6.052221847400399e-4,-0.6745,0.4755543351645858,ESTABLE,11.628475729703863,8.525775971541174,9.975874369107352
34,Formosa,NEA,23.316211692733884,12.113457027084666,-3.8076,-4.855,-2.7486,6.668244455304323e-7,DESCENSO,-5.4549,5.356450929428185e-4,-2.2532,0.16079207795358977,ESTABLE,25.32618843406781,15.127653354957085,15.235798646315732
38,Jujuy,NOA,16.06682095070891,7.104383358098068,-4.1384,-4.8547,-3.4168,6.261107864110893e-10,DESCENSO,-4.5931,3.8633999155173924e-4,-4.9482,7.366573766882832e-4,DESCENSO,18.19064338014644,13.17540686267242,11.372138261259913
42,La Pampa,Patagonia,11.076732673267326,7.467266775777414,-2.9873,-4.5734,-1.3749,0.001133616890606647,DESCENSO,-4.6793,0.08619485216716569,-1.6633,0.4105243104844045,ESTABLE,5.761098526127168,4.2450715910388,8.532628289869006
46,La Rioja,NOA,13.605084834795397,10.846166583871502,-2.1853,-3.1533,-1.2075,1.9175429074964453e-4,DESCENSO,-0.5882,0.5901516869784855,-0.6957,0.5706422566813367,ESTABLE,15.532922270468092,10.573586819818384,13.022217497608164
50,Mendoza,Cuyo,11.480356294045922,6.702995453329768,-3.0684,-3.6592,-2.474,3.0778926185179054e-9,DESCENSO,-2.7479,0.007304260255451726,-3.3099,0.0027554918964560176,DESCENSO,10.371265697002098,9.230967715249315,9.28667174556641
54,Misiones,NEA,15.370431943898678,8.785651920838184,-3.5054,-4.4185,-2.5835,3.0116110439622164e-7,DESCENSO,-5.0148,2.7498691106352574e-4,-0.5999,0.5352520587024263,ESTABLE,19.25681462408849,11.073022514679815,10.429268168447326
58,Neuquén,Patagonia,9.752321981424148,6.087489972157992,-3.029,-4.4243,-1.6132,3.036062274424784e-4,DESCENSO,-1.028,0.5527606889564276,-4.2574,0.05300931420061077,ESTABLE,12.507749306252585,8.76516064568756,8.810058636482978
62,Río Negro,Patagonia,9.492812584757255,7.851276960563126,-1.5038,-2.3212,-0.6796,0.001254005985058237,DESCENSO,0.0077,0.9948590465813103,-0.3153,0.6687417092847576,ESTABLE,11.79061618610475,8.168415815497454,9.836607610282973
66,Salta,NOA,14.848348863606368,9.540346885416042,-2.623,-3.2487,-1.9932,7.751778457267732e-8,DESCENSO,-1.4557,0.027264804692486745,-2.6981,0.014563987985252186,DESCENSO,23.786811021166727,16.857606024159388,13.276220840381129
70,San Juan,Cuyo,14.647356646650183,8.749178683819206,-3.0188,-3.958,-2.0705,3.2590534055283293e-6,DESCENSO,-4.236,0.01091194841872018,-1.6464,0.15074671270300163,ESTABLE,14.143034299420052,11.197822916730225,11.107889277987196
74,San Luis,Cuyo,14.796349161674238,7.030936118923263,-3.9799,-4.8611,-3.0905,2.9049421611293265e-8,DESCENSO,-4.9671,0.003400578497360154,-4.1578,0.004064521944333771,DESCENSO,10.797552312094211,9.07671474133657,10.133104336625161
78,Santa Cruz,Patagonia,13.143268161904139,9.578947368421053,-2.1396,-3.3331,-0.9313,0.0016282255699865066,DESCENSO,-3.8502,0.017340217011854016,-1.2696,0.450838655252516,ESTABLE,9.765626474507302,7.978503144391781,9.474446859499526
82,Santa Fe,Centro,11.65250088128158,8.342938203741467,-2.2573,-2.7282,-1.7843,9.877848060116233e-9,DESCENSO,-1.9165,0.0019522044911851914,-1.2411,0.07912800992957061,ESTABLE,9.540223712515834,7.367452492271371,10.170418407803464
86,Santiago del Estero,NOA,12.499511737822742,9.299264642765172,-2.6381,-3.8993,-1.3603,4.2359020847008896e-4,DESCENSO,-0.8191,0.4422444887225774,-0.9947,0.5883966002392252,ESTABLE,22.82165704118707,12.75138217654044,11.311073968982004
90,Tucumán,NOA,14.205871441052215,10.03332497222919,-2.1726,-2.8177,-1.5233,1.6285953742114606e-6,DESCENSO,-0.8515,0.25853331776360877,-2.7392,0.009628654810441228,DESCENSO,16.552055846054117,11.99505365774021,13.493878194658768
94,Tierra del Fuego,Patagonia,9.271884374147804,5.887894488930758,-1.7165,-3.5497,0.1514,0.06924519364192627,ESTABLE,-0.7745,0.7984212640714948,-3.2497,0.12193932046059017,ESTABLE,14.55001289823294,15.46405129813255,7.795229784758581
