anio,media,CV
2005,13.28553263932208,0.20655883086762247
2006,12.83961065222804,0.20762725838956173
2007,13.261840110732429,0.18818532326586207
2008,12.491520300903382,0.18127156698385494
2009,12.083495257907186,0.18166029650205098
2010,11.819929947135664,0.17267739556689823
2011,11.719375407703799,0.17250969444712672
2012,11.095408567072715,0.15503569241581783
2013,10.831203116961841,0.1369856405106177
2014,10.541124842696266,0.15268842083714074
2015,9.66995430337086,0.16586725571742336
2016,9.752370865895248,0.15525035226355408
2017,9.354035869009307,0.16350087602581745
2018,8.844745766686305,0.15002558085283985
2019,9.14974657926068,0.18209480392572075
2020,8.419916797160651,0.21316822083638018
2021,7.975338294673336,0.1812432623446836
2022,8.40649648208601,0.2159164292583751
2023,7.997460295371128,0.1676120162690732
2024,8.505113987939966,0.20917889673864545
