periodo,clasificacion,grupo,tasa_inicial,tasa_final,cambio_absoluto,cambio_pct,contribucion_pct
2005-2014,Edad,Neonatal,8.85540984527253,7.176208346846638,-1.6792014984258907,-18.96243683540333,60.13078461042065
2005-2014,Edad,Posneonatal,4.492993737889978,3.3796131848671576,-1.1133805530228202,-24.780371796059786,39.86921538957935
2005-2014,Causa,Perinatales (P00-P96),6.913594114178204,5.326816059468837,-1.5867780547093666,-22.95156511220766,56.82117930558896
2005-2014,Causa,Malformaciones congénitas (Q),3.0973575580579036,3.015397445599296,-0.08196011245860779,-2.6461301584437713,2.9349222672289703
2005-2014,Causa,Respiratorias (J),0.944932745499986,0.6988309060863924,-0.24610183941359354,-26.044376235832033,8.812698602210203
2005-2014,Causa,Mal definidas (R),0.7680211170705681,0.4839050104760287,-0.2841161065945394,-36.993267539079135,10.173957339844257
2005-2014,Causa,Infecciosas (A-B),0.46333997921990394,0.31402346424508243,-0.1493165149748215,-32.2261237258689,5.346898040018571
2005-2014,Causa,Externas (V-Y),0.47036028193535706,0.30115365013667744,-0.16920663179867962,-35.97383501482256,6.05914629118597
2005-2014,Causa,Otras,0.690797787200584,0.41569499570148205,-0.275102791499102,-39.823924829571226,9.851198153923056
2014-2024,Edad,Neonatal,7.176208346846638,5.993198349207885,-1.1830099976387531,-16.485167939119126,57.56828452294288
2014-2024,Edad,Posneonatal,3.3796131848671576,2.507654882786498,-0.8719583020806594,-25.80053557563966,42.43171547705711
2014-2024,Causa,Perinatales (P00-P96),5.326816059468837,4.722427293741755,-0.6043887657270819,-11.346154231339245,29.44578297315294
2014-2024,Causa,Malformaciones congénitas (Q),3.015397445599296,2.2946494487274136,-0.7207479968718822,-23.90225533697887,35.11479745771386
2014-2024,Causa,Respiratorias (J),0.6988309060863924,0.33161073256925705,-0.3672201735171354,-52.54778664178571,17.890943951846875
2014-2024,Causa,Mal definidas (R),0.4839050104760287,0.34129279775376087,-0.14261221272226782,-29.471117189296482,6.948058109732089
2014-2024,Causa,Infecciosas (A-B),0.31402346424508243,0.20332336887458094,-0.11070009537050149,-35.252173157386935,5.39330174257251
2014-2024,Causa,Externas (V-Y),0.30115365013667744,0.24931317850097423,-0.05184047163570321,-17.213960917350867,2.5256645450291297
2014-2024,Causa,Otras,0.41569499570148205,0.36065692812276856,-0.05503806757871349,-13.240012063613415,2.6814512199525877
2020-2024,Edad,Neonatal,6.1935237080887084,5.993198349207885,-0.20032535888082315,-3.2344327449525867,-374.8994067993297
2020-2024,Edad,Posneonatal,2.253895094496708,2.507654882786498,0.25375978828978996,11.25872224086162,474.8994067993297
2020-2024,Causa,Perinatales (P00-P96),4.573419413874769,4.722427293741755,0.1490078798669865,3.258128467617216,266.7765190458295
2020-2024,Causa,Malformaciones congénitas (Q),2.4676588555388252,2.2946494487274136,-0.17300940681141164,-7.011074744917856,-309.7476949040067
2020-2024,Causa,Respiratorias (J),0.2550164166818239,0.33161073256925705,0.07659431588743315,30.03505299150897,137.13076777809562
2020-2024,Causa,Mal definidas (R),0.44627872919319184,0.34129279775376087,-0.10498593143943097,-23.524744643158446,-187.96174647405869
2020-2024,Causa,Infecciosas (A-B),0.1968876746440552,0.20332336887458094,0.006435694230525729,3.268713616614427,11.522156452367383
2020-2024,Causa,Externas (V-Y),0.1575101397152442,0.24931317850097423,0.09180303878573004,58.2838914064179,164.35973149170633
2020-2024,Causa,Otras,0.35064757293750787,0.36065692812276856,0.010009355185260693,2.854534283927457,17.92026661006659
