anio,nv,def,m20,edb,edns,bpn,pns,pret,gns,P,Q,R,J,AB,VY,OT,neo,posneo,TMI,TMN,TMPN,fuente
1980,686986,22262,NA,NA,NA,NA,NA,NA,NA,NA,NA,NA,NA,NA,NA,NA,NA,NA,32.405318303429766,NA,NA,Bossio et al. 2020 (DEIS)
1981,670141,22353,NA,NA,NA,NA,NA,NA,NA,NA,NA,NA,NA,NA,NA,NA,NA,NA,33.355666941733155,NA,NA,Bossio et al. 2020 (DEIS)
1982,657089,20214,NA,NA,NA,NA,NA,NA,NA,NA,NA,NA,NA,NA,NA,NA,NA,NA,30.76295600748148,NA,NA,Bossio et al. 2020 (DEIS)
1983,647377,19478,NA,NA,NA,NA,NA,NA,NA,NA,NA,NA,NA,NA,NA,NA,NA,NA,30.08756875823515,NA,NA,Bossio et al. 2020 (DEIS)
1984,621564,19290,NA,NA,NA,NA,NA,NA,NA,NA,NA,NA,NA,NA,NA,NA,NA,NA,31.03461590439601,NA,NA,Bossio et al. 2020 (DEIS)
1985,644002,17034,NA,NA,NA,NA,NA,NA,NA,NA,NA,NA,NA,NA,NA,NA,NA,NA,26.450228415439703,NA,NA,Bossio et al. 2020 (DEIS)
1986,672647,18163,NA,NA,NA,NA,NA,NA,NA,NA,NA,NA,NA,NA,NA,NA,NA,NA,27.002276082402805,NA,NA,Bossio et al. 2020 (DEIS)
1987,658787,17743,NA,NA,NA,NA,NA,NA,NA,NA,NA,NA,NA,NA,NA,NA,NA,NA,26.932832615094103,NA,NA,Bossio et al. 2020 (DEIS)
1988,673502,17564,NA,NA,NA,NA,NA,NA,NA,NA,NA,NA,NA,NA,NA,NA,NA,NA,26.078615950657905,NA,NA,Bossio et al. 2020 (DEIS)
1989,660948,17105,NA,NA,NA,NA,NA,NA,NA,NA,NA,NA,NA,NA,NA,NA,NA,NA,25.879494302123614,NA,NA,Bossio et al. 2020 (DEIS)
1990,670917,17348,NA,NA,NA,NA,NA,NA,NA,NA,NA,NA,NA,NA,NA,NA,NA,NA,25.85714775449124,NA,NA,Bossio et al. 2020 (DEIS)
1991,687051,17152,NA,NA,NA,NA,NA,NA,NA,NA,NA,NA,NA,NA,NA,NA,NA,NA,24.964667833974477,NA,NA,Bossio et al. 2020 (DEIS)
1992,672169,16242,NA,NA,NA,NA,NA,NA,NA,NA,NA,NA,NA,NA,NA,NA,NA,NA,24.163566007953357,NA,NA,Bossio et al. 2020 (DEIS)
1993,659987,15291,NA,NA,NA,NA,NA,NA,NA,NA,NA,NA,NA,NA,NA,NA,NA,NA,23.168638170145773,NA,NA,Bossio et al. 2020 (DEIS)
1994,666619,14802,NA,NA,NA,NA,NA,NA,NA,NA,NA,NA,NA,NA,NA,NA,NA,NA,22.2045876280154,NA,NA,Bossio et al. 2020 (DEIS)
1995,653066,14606,NA,NA,NA,NA,NA,NA,NA,NA,NA,NA,NA,NA,NA,NA,NA,NA,22.36527395393421,NA,NA,Bossio et al. 2020 (DEIS)
1996,670231,14141,NA,NA,NA,NA,NA,NA,NA,NA,NA,NA,NA,NA,NA,NA,NA,NA,21.098695822783487,NA,NA,Bossio et al. 2020 (DEIS)
1997,687759,12985,NA,NA,NA,NA,NA,NA,NA,NA,NA,NA,NA,NA,NA,NA,NA,NA,18.880160056066153,NA,NA,Bossio et al. 2020 (DEIS)
1998,683301,13082,NA,NA,NA,NA,NA,NA,NA,NA,NA,NA,NA,NA,NA,NA,NA,NA,19.145296143280923,NA,NA,Bossio et al. 2020 (DEIS)
1999,692357,12120,NA,NA,NA,NA,NA,NA,NA,NA,NA,NA,NA,NA,NA,NA,NA,NA,17.50541989176104,NA,NA,Bossio et al. 2020 (DEIS)
2000,701878,11649,NA,NA,NA,NA,NA,NA,NA,NA,NA,NA,NA,NA,NA,NA,NA,NA,16.59690145580856,NA,NA,Bossio et al. 2020 (DEIS)
2001,683495,11111,NA,NA,NA,NA,NA,NA,NA,NA,NA,NA,NA,NA,NA,NA,NA,NA,16.256154031851004,NA,NA,Bossio et al. 2020 (DEIS)
2002,694684,11703,NA,NA,NA,NA,NA,NA,NA,NA,NA,NA,NA,NA,NA,NA,NA,NA,16.846508628383553,NA,NA,Bossio et al. 2020 (DEIS)
2003,697952,11494,NA,NA,NA,NA,NA,NA,NA,NA,NA,NA,NA,NA,NA,NA,NA,NA,16.468181192976022,NA,NA,Bossio et al. 2020 (DEIS)
2004,736261,10576,NA,NA,NA,NA,NA,NA,NA,NA,NA,NA,NA,NA,NA,NA,NA,NA,14.364471294826156,NA,NA,Bossio et al. 2020 (DEIS)
2005,712220,9507,107109,288681,17146,51024,9173,54635,21969,4924,2206,547,673,330,335,492,6307,3200,13.348403583162506,8.85540984527253,4.492993737889978,DEIS datos abiertos / anuarios
2006,696451,8986,106651,267522,16451,49714,6577,54928,15629,4402,2253,518,727,362,293,431,5903,3083,12.902558830413051,8.475829598923685,4.426729231489365,DEIS datos abiertos / anuarios
2007,700792,9300,109561,268400,16623,49948,7675,55078,16465,4557,2096,568,875,413,318,473,5964,3336,13.270699437208188,8.510371122958025,4.760328314250162,DEIS datos abiertos / anuarios
2008,746460,9341,114971,271718,17210,53770,7465,59833,18590,4724,2285,532,741,363,220,476,6196,3145,12.51373147924872,8.30051174878761,4.21321973046111,DEIS datos abiertos / anuarios
2009,745336,9026,116824,263527,18635,52515,7856,59700,18883,4446,2257,557,726,346,262,432,5956,3070,12.109974561808366,7.991026865735723,4.118947696072643,DEIS datos abiertos / anuarios
2010,756176,8961,117591,252701,22069,54000,10317,61685,19080,4487,2275,521,675,305,260,438,5942,3019,11.850415776221409,7.85795899367343,3.9924567825479778,DEIS datos abiertos / anuarios
2011,758042,8878,119012,242138,21286,53956,7390,64386,15318,4329,2220,528,764,377,262,398,5751,3127,11.711752119275712,7.586650871587589,4.125101247688122,DEIS datos abiertos / anuarios
2012,738318,8227,114292,218010,25031,52112,10273,61393,16401,4068,2175,476,609,288,247,364,5541,2686,11.142895066895294,7.504896264211356,3.6379988026839385,DEIS datos abiertos / anuarios
2013,754603,8174,117386,206406,28446,55373,7489,64540,11462,4160,2134,445,565,287,230,353,5572,2602,10.832185930880213,7.384015170891184,3.448170759989027,DEIS datos abiertos / anuarios
2014,777012,8202,116952,201592,37203,55182,7283,65083,9907,4139,2343,376,543,244,234,323,5576,2626,10.555821531713796,7.176208346846638,3.3796131848671576,DEIS datos abiertos / anuarios
2015,770040,7445,111699,187570,36395,54658,11347,64262,10424,3728,2085,394,503,236,176,323,5059,2386,9.668328917978288,6.569788582411303,3.0985403355669834,DEIS datos abiertos / anuarios
2016,728035,7093,99324,156030,46389,52323,6367,63793,8830,3488,1919,414,526,261,181,304,4716,2377,9.742663470849616,6.477710549630169,3.264952921219447,DEIS datos abiertos / anuarios
2017,704609,6579,94079,151123,20595,51309,5852,61705,9541,3383,1864,294,402,212,142,282,4550,2029,9.337093338291163,6.457482092905427,2.879611245385739,DEIS datos abiertos / anuarios
2018,685394,6048,87118,126066,51856,50138,6859,60501,8594,3039,1690,351,380,196,135,257,4121,1927,8.824121600130727,6.012600051940927,2.8115215481898006,DEIS datos abiertos / anuarios
2019,625441,5745,71741,108594,39327,47292,4835,55709,5780,2880,1615,312,375,168,137,258,3905,1840,9.185518698006687,6.243594519706894,2.941924178299792,DEIS datos abiertos / anuarios
2020,533299,4505,53260,86390,38372,37777,11929,44942,13921,2439,1316,238,136,105,84,187,3303,1202,8.447418802585416,6.1935237080887084,2.253895094496708,DEIS datos abiertos / anuarios
2021,529794,4238,47630,86208,41677,38094,12702,46710,12253,2257,1249,191,145,99,86,211,3029,1209,7.9993355908145425,5.717316541901192,2.282019048913351,DEIS datos abiertos / anuarios
2022,495295,4162,44297,74594,33558,38731,4468,45075,5344,2188,1078,218,229,115,101,233,2864,1298,8.403072916140886,5.782412501640437,2.620660414500449,DEIS datos abiertos / anuarios
2023,460902,3689,40560,65756,26131,35696,3709,43321,3543,1922,1063,163,173,86,104,178,2525,1164,8.003870670988627,5.4783880304272925,2.525482640561334,DEIS datos abiertos / anuarios
2024,413135,3513,35292,50492,29665,33588,1810,40018,2084,1951,948,141,137,84,103,149,2476,1036,8.50327374829051,5.993198349207885,2.507654882786498,DEIS datos abiertos / anuarios
