serie,metodo,desde,hasta,n,VAP,LI,LS,p,tendencia,elegido
TMI 1980-2024,original,1980,1997,18,-2.7806,-3.1359,-2.424,2.126348666014357e-11,DESCENSO,TRUE
TMI 1980-2024,original,1997,2004,8,-3.2812,-4.8466,-1.6901,0.002445136810711049,DESCENSO,TRUE
TMI 1980-2024,original,2004,2020,17,-3.1093,-3.354,-2.8639,4.843877906806962e-14,DESCENSO,TRUE
TMI 1980-2024,original,2020,2024,5,0.1376,-3.3107,3.7088,0.9085372864967635,ESTABLE,TRUE
TMI 1980-2024,loess,1980,1997,18,-2.7393,-2.9271,-2.5511,1.3488258242980128e-15,DESCENSO,FALSE
TMI 1980-2024,loess,1997,2004,8,-3.7717,-4.2012,-3.3403,7.528624241100955e-7,DESCENSO,FALSE
TMI 1980-2024,loess,2004,2020,17,-3.252,-3.367,-3.1369,3.3297409695051964e-19,DESCENSO,FALSE
TMI 1980-2024,loess,2020,2024,5,-0.733,-1.5104,0.0507,0.058715641244592276,ESTABLE,FALSE
TMI 1980-2024,spline,1980,1997,18,-2.7715,-2.9473,-2.5954,3.942108399523849e-16,DESCENSO,FALSE
TMI 1980-2024,spline,1997,2004,8,-3.9055,-4.1713,-3.639,3.505095922318908e-8,DESCENSO,FALSE
TMI 1980-2024,spline,2004,2020,17,-3.2584,-3.3431,-3.1737,3.3172529133599116e-21,DESCENSO,FALSE
TMI 1980-2024,spline,2020,2024,5,-0.7608,-1.641,0.1273,0.07206533873698716,ESTABLE,FALSE
TMI 1980-2024,media_movil,1980,1997,18,-2.7437,-2.936,-2.551,1.905778132078544e-15,DESCENSO,FALSE
TMI 1980-2024,media_movil,1997,2004,8,-3.5422,-4.3657,-2.7117,4.9125524247539167e-5,DESCENSO,FALSE
TMI 1980-2024,media_movil,2004,2020,17,-3.1919,-3.3302,-3.0534,6.934435648961082e-18,DESCENSO,FALSE
TMI 1980-2024,media_movil,2020,2024,5,-0.6654,-2.3149,1.012,0.29402242481012747,ESTABLE,FALSE
TMI 2005-2024,original,2005,2021,17,-3.1552,-3.4138,-2.896,8.792894212418978e-14,DESCENSO,FALSE
TMI 2005-2024,original,2021,2024,4,1.3552,-4.8787,7.9976,0.45787701511162526,ESTABLE,FALSE
TMI 2005-2024,loess,2005,2021,17,-3.1288,-3.2891,-2.9682,8.357189777825821e-17,DESCENSO,FALSE
TMI 2005-2024,loess,2021,2024,4,1.0518,-0.9825,3.1279,0.1572825416371427,ESTABLE,FALSE
TMI 2005-2024,spline,2005,2021,17,-3.0839,-3.1973,-2.9703,5.951285487031036e-19,DESCENSO,TRUE
TMI 2005-2024,spline,2021,2024,4,-0.8566,-1.4159,-0.2941,0.022571560973760316,DESCENSO,TRUE
TMI 2005-2024,media_movil,2005,2021,17,-3.0691,-3.2291,-2.9088,1.0792101211431175e-16,DESCENSO,FALSE
TMI 2005-2024,media_movil,2021,2024,4,0.0967,-2.0193,2.2583,0.8637205804663666,ESTABLE,FALSE
TMN 2005-2024,original,2005,2015,11,-2.5469,-2.9635,-2.1286,2.593316832468829e-7,DESCENSO,TRUE
TMN 2005-2024,original,2015,2024,10,-1.6295,-2.5046,-0.7465,0.0028388756852254847,DESCENSO,TRUE
TMN 2005-2024,loess,2005,2015,11,-2.5326,-2.8229,-2.2414,1.1598722981981021e-8,DESCENSO,FALSE
TMN 2005-2024,loess,2015,2024,10,-1.6698,-2.2873,-1.0484,2.6973378703163233e-4,DESCENSO,FALSE
TMN 2005-2024,spline,2005,2015,11,-2.5983,-2.706,-2.4906,1.3182358177202464e-12,DESCENSO,FALSE
TMN 2005-2024,spline,2015,2024,10,-1.9466,-2.1927,-1.6998,9.155237692468995e-8,DESCENSO,FALSE
TMN 2005-2024,media_movil,2005,2015,11,-2.4402,-2.6952,-2.1846,5.090346203399993e-9,DESCENSO,FALSE
TMN 2005-2024,media_movil,2015,2024,10,-1.8286,-2.2021,-1.4538,3.7002887073897463e-6,DESCENSO,FALSE
TMPN 2005-2024,original,2005,2020,16,-4.0937,-4.7792,-3.4031,5.5516459711140195e-9,DESCENSO,FALSE
TMPN 2005-2024,original,2020,2024,5,3.1975,-1.9871,8.6564,0.14724051300744803,ESTABLE,FALSE
TMPN 2005-2024,loess,2005,2020,16,-4.0657,-4.5007,-3.6287,1.4270115919492615e-11,DESCENSO,FALSE
TMPN 2005-2024,loess,2020,2024,5,1.9918,-1.5519,5.6631,0.17401160919149694,ESTABLE,FALSE
TMPN 2005-2024,spline,2005,2020,16,-3.7641,-3.7641,-3.7641,2.050597259499771e-99,DESCENSO,TRUE
TMPN 2005-2024,spline,2020,2024,5,-3.7641,-3.7641,-3.7641,2.8563229758113566e-22,DESCENSO,TRUE
TMPN 2005-2024,media_movil,2005,2020,16,-3.9878,-4.3379,-3.6365,9.516531777382478e-13,DESCENSO,FALSE
TMPN 2005-2024,media_movil,2020,2024,5,0.8667,-1.5875,3.3822,0.3461425852994962,ESTABLE,FALSE
Gini TMI,original,2005,2015,11,-2.5955,-3.9388,-1.2333,0.0020390821616478867,DESCENSO,FALSE
Gini TMI,original,2015,2019,5,0.534,-8.5868,10.5648,0.8699187053689139,ESTABLE,FALSE
Gini TMI,original,2019,2024,6,1.0396,-3.8138,6.1379,0.5909721410300308,ESTABLE,FALSE
Gini TMI,loess,2005,2015,11,-2.6878,-3.6946,-1.6705,2.2174616731065908e-4,DESCENSO,FALSE
Gini TMI,loess,2015,2019,5,0.8958,-4.8123,6.9463,0.659398598494912,ESTABLE,FALSE
Gini TMI,loess,2019,2024,6,1.7824,-0.5874,4.2088,0.10577181183300502,ESTABLE,FALSE
Gini TMI,spline,2005,2015,11,-2.3054,-2.773,-1.8355,1.6143350514002258e-06,DESCENSO,TRUE
Gini TMI,spline,2015,2019,5,2.0275,1.4227,2.6359,0.0017241068440997274,AUMENTO,TRUE
Gini TMI,spline,2019,2024,6,2.9285,2.902,2.955,6.38850272067367e-10,AUMENTO,TRUE
Gini TMI,media_movil,2005,2015,11,-2.6077,-3.3125,-1.8978,1.7634213973955776e-5,DESCENSO,FALSE
Gini TMI,media_movil,2015,2019,5,1.6966,-1.9801,5.5112,0.24193120766993442,ESTABLE,FALSE
Gini TMI,media_movil,2019,2024,6,1.3787,-0.5684,3.364,0.12150134205730784,ESTABLE,FALSE
Gini TMN,original,2005,2014,10,-3.1402,-5.1341,-1.1044,0.00765053349024223,DESCENSO,TRUE
Gini TMN,original,2014,2024,11,2.6458,0.6057,4.7272,0.016416101538226275,AUMENTO,TRUE
Gini TMN,loess,2005,2014,10,-3.0704,-4.3872,-1.7355,7.666482217849256e-4,DESCENSO,FALSE
Gini TMN,loess,2014,2024,11,2.8367,1.553,4.1366,7.022218900103479e-4,AUMENTO,FALSE
Gini TMN,spline,2005,2014,10,-2.6384,-3.3119,-1.9602,2.040114352496591e-5,DESCENSO,FALSE
Gini TMN,spline,2014,2024,11,2.6811,2.4722,2.8904,2.983975168532254e-10,AUMENTO,FALSE
Gini TMN,media_movil,2005,2014,10,-2.8949,-3.8517,-1.9286,1.321555185751125e-4,DESCENSO,FALSE
Gini TMN,media_movil,2014,2024,11,2.6397,1.4623,3.8308,6.378733861689221e-4,AUMENTO,FALSE
Gini TMPN,original,2005,2011,7,-2.434,-5.8895,1.1485,0.1393409760209701,ESTABLE,FALSE
Gini TMPN,original,2011,2020,10,0.5656,-2.3291,3.5461,0.6678890587279175,ESTABLE,FALSE
Gini TMPN,original,2020,2024,5,11.9003,7.2113,16.7944,0.003589571036569189,AUMENTO,FALSE
Gini TMPN,loess,2005,2011,7,-2.109,-4.5308,0.3742,0.08037144492847002,ESTABLE,FALSE
Gini TMPN,loess,2011,2020,10,0.5515,-0.6756,1.7937,0.33188064753552354,ESTABLE,FALSE
Gini TMPN,loess,2020,2024,5,10.3191,4.8923,16.0268,0.008469854966355373,AUMENTO,FALSE
Gini TMPN,spline,2005,2011,7,-2.434,-5.8895,1.1485,0.1393409710142126,ESTABLE,FALSE
Gini TMPN,spline,2011,2020,10,0.5656,-2.3291,3.5461,0.6678890405024767,ESTABLE,FALSE
Gini TMPN,spline,2020,2024,5,11.9003,7.2113,16.7944,0.0035895708023987814,AUMENTO,FALSE
Gini TMPN,media_movil,2005,2011,7,-1.8439,-3.5912,-0.0649,0.0446959972889502,DESCENSO,TRUE
Gini TMPN,media_movil,2011,2020,10,0.4618,-0.3401,1.2702,0.22154522912996144,ESTABLE,TRUE
Gini TMPN,media_movil,2020,2024,5,8.3323,3.6274,13.2507,0.010519022726452918,AUMENTO,TRUE
|IC| NBI,original,2005,2019,15,-2.0658,-3.43,-0.6824,0.006770730554214025,DESCENSO,TRUE
|IC| NBI,original,2019,2024,6,-1.2187,-14.8235,14.5591,0.8295576501203916,ESTABLE,TRUE
|IC| NBI,loess,2005,2019,15,-1.9293,-3.1159,-0.7282,0.004247015720872711,DESCENSO,FALSE
|IC| NBI,loess,2019,2024,6,-0.6911,-10.9083,10.6977,0.8678478751769791,ESTABLE,FALSE
|IC| NBI,spline,2005,2019,15,-1.9824,-3.1388,-0.8122,0.0029658657151596384,DESCENSO,FALSE
|IC| NBI,spline,2019,2024,6,-0.817,-11.2106,10.7934,0.8470390480507423,ESTABLE,FALSE
|IC| NBI,media_movil,2005,2019,15,-1.8179,-2.8405,-0.7845,0.00226897305176808,DESCENSO,FALSE
|IC| NBI,media_movil,2019,2024,6,-1.4329,-6.2378,3.6182,0.46759045091535756,ESTABLE,FALSE
Razón Q4/Q1,original,2005,2017,13,-1.1757,-1.7308,-0.6174,7.3908331387323e-4,DESCENSO,FALSE
Razón Q4/Q1,original,2017,2024,8,2.0379,-0.278,4.4076,0.07508931585356138,ESTABLE,FALSE
Razón Q4/Q1,loess,2005,2017,13,-1.1101,-1.4223,-0.797,8.58830915826078e-6,DESCENSO,TRUE
Razón Q4/Q1,loess,2017,2024,8,1.8584,0.255,3.4874,0.02957808519248266,AUMENTO,TRUE
Razón Q4/Q1,spline,2005,2017,13,-0.9862,-1.1369,-0.8353,1.852428753142145e-8,DESCENSO,FALSE
Razón Q4/Q1,spline,2017,2024,8,0.89,0.7402,1.0401,6.5119869894931915e-6,AUMENTO,FALSE
Razón Q4/Q1,media_movil,2005,2017,13,-1.1392,-1.3578,-0.9201,1.9845753322900268e-7,DESCENSO,FALSE
Razón Q4/Q1,media_movil,2017,2024,8,1.2624,0.3937,2.1386,0.011887716291409955,AUMENTO,FALSE
TMI Q1,original,2005,2024,20,-2.7371,-3.0751,-2.3979,2.0115239256552415e-12,DESCENSO,TRUE
TMI Q1,loess,2005,2024,20,-2.7552,-2.998,-2.5117,5.956029941123988e-15,DESCENSO,FALSE
TMI Q1,spline,2005,2024,20,-2.7371,-3.0751,-2.3979,2.011522808240123e-12,DESCENSO,FALSE
TMI Q1,media_movil,2005,2024,20,-2.6958,-2.9172,-2.4738,1.7268332339592253e-15,DESCENSO,FALSE
TMI Q2,original,2005,2020,16,-3.0508,-3.4128,-2.6873,5.3504185128094684e-11,DESCENSO,FALSE
TMI Q2,original,2020,2024,5,-0.0155,-3.5711,3.6712,0.9899854045783429,ESTABLE,FALSE
TMI Q2,loess,2005,2020,16,-3.038,-3.299,-2.7762,6.594051281204044e-13,DESCENSO,FALSE
TMI Q2,loess,2020,2024,5,-0.3537,-2.6289,1.9747,0.6589054694664462,ESTABLE,FALSE
TMI Q2,spline,2005,2020,16,-3.041,-3.2584,-2.8231,5.2434781160357797e-14,DESCENSO,TRUE
TMI Q2,spline,2020,2024,5,-1.4038,-2.0943,-0.7084,0.007722859716141859,DESCENSO,TRUE
TMI Q2,media_movil,2005,2020,16,-2.9864,-3.253,-2.7191,1.1077040715054161e-12,DESCENSO,FALSE
TMI Q2,media_movil,2020,2024,5,-1.0928,-2.6811,0.5215,0.11957692099711843,ESTABLE,FALSE
TMI Q3,original,2005,2024,20,-2.8205,-3.175,-2.4647,2.7325767133760026e-12,DESCENSO,TRUE
TMI Q3,loess,2005,2024,20,-2.826,-3.058,-2.5935,1.7234557890862289e-15,DESCENSO,FALSE
TMI Q3,spline,2005,2024,20,-2.8205,-2.8205,-2.8205,3.780231842544309e-122,DESCENSO,FALSE
TMI Q3,media_movil,2005,2024,20,-2.7834,-2.9422,-2.6243,2.7667684511306518e-18,DESCENSO,FALSE
TMI Q4,original,2005,2021,17,-3.6702,-4.0991,-3.2394,1.6128056632697435e-11,DESCENSO,TRUE
TMI Q4,original,2021,2024,4,4.8488,-8.2753,19.8506,0.2671092152889399,ESTABLE,TRUE
TMI Q4,loess,2005,2021,17,-3.5832,-3.8495,-3.3162,2.1587834213475487e-14,DESCENSO,FALSE
TMI Q4,loess,2021,2024,4,3.3888,-2.7417,9.9057,0.1435913868117219,ESTABLE,FALSE
TMI Q4,spline,2005,2021,17,-3.5232,-3.724,-3.322,4.209251605267218e-16,DESCENSO,FALSE
TMI Q4,spline,2021,2024,4,0.3472,-0.2385,0.9364,0.12567479530813608,ESTABLE,FALSE
TMI Q4,media_movil,2005,2021,17,-3.5381,-3.7692,-3.3065,3.187237233483836e-15,DESCENSO,FALSE
TMI Q4,media_movil,2021,2024,4,1.2753,-4.1124,6.9657,0.42364414058949307,ESTABLE,FALSE
CV provincial,original,2005,2013,9,-4.4665,-5.7399,-3.176,8.745267450540543e-5,DESCENSO,TRUE
CV provincial,original,2013,2024,12,3.2348,1.3611,5.1432,0.0030959410153586667,AUMENTO,TRUE
CV provincial,loess,2005,2013,9,-4.2737,-5.1171,-3.4228,7.663668379314154e-6,DESCENSO,FALSE
CV provincial,loess,2013,2024,12,3.1975,2.1706,4.2347,3.660256400851757e-5,AUMENTO,FALSE
CV provincial,spline,2005,2013,9,-3.5159,-3.8559,-3.1747,5.582774712717976e-8,DESCENSO,FALSE
CV provincial,spline,2013,2024,12,2.597,2.2525,2.9426,1.0533375717601889e-8,AUMENTO,FALSE
CV provincial,media_movil,2005,2013,9,-3.9977,-4.4806,-3.5123,2.6571017515526137e-7,DESCENSO,FALSE
CV provincial,media_movil,2013,2024,12,2.8743,1.9539,3.803,3.6030379335227955e-5,AUMENTO,FALSE
