AÑO,TASA_ORIGINAL,TASA_LOESS,TASA_SPLINE,TASA_MEDIA_MOVIL,serie
1980,32.405318303429766,33.3202027200931,33.096514477353054,32.88049262258146,TMI_1980_2024
1981,33.355666941733155,32.17020804855014,32.21404338137325,32.1746470842148,TMI_1980_2024
1982,30.76295600748148,31.061824706052793,31.240613610906195,31.402063902483263,TMI_1980_2024
1983,30.08756875823515,30.00404145299101,30.224682668509562,30.62838022337088,TMI_1980_2024
1984,31.03461590439601,29.026378200686118,29.17320373251685,29.190804359356953,TMI_1980_2024
1985,26.450228415439703,28.090149054909425,28.12455525161163,28.16237346741284,TMI_1980_2024
1986,27.002276082402805,27.26218228399393,27.309265328802773,26.79511237097887,TMI_1980_2024
1987,26.932832615094103,26.55675131639234,26.72536532694559,26.671241549384938,TMI_1980_2024
1988,26.078615950657905,26.19762369310125,26.27148504160157,26.29698095595854,TMI_1980_2024
1989,25.879494302123614,25.883437353192733,25.868076434388602,25.938419335757587,TMI_1980_2024
1990,25.85714775449124,25.5268897334999,25.41934190156326,25.56710329686311,TMI_1980_2024
1991,24.964667833974477,24.848096845464518,24.847649955763444,24.995127198806358,TMI_1980_2024
1992,24.163566007953357,24.186035680627214,24.154517377714246,24.098957337357866,TMI_1980_2024
1993,23.168638170145773,23.442381621943955,23.377660325495288,23.178930602038175,TMI_1980_2024
1994,22.2045876280154,22.58829586836799,22.549815369995837,22.579499917365126,TMI_1980_2024
1995,22.36527395393421,21.68711723479075,21.656698691837178,21.889519134911033,TMI_1980_2024
1996,21.098695822783487,20.742495142330924,20.656147653276346,20.78137661092795,TMI_1980_2024
1997,18.880160056066153,19.65454779442968,19.621998901460604,19.70805067404352,TMI_1980_2024
1998,19.145296143280923,18.57186387181422,18.67502477517632,18.51029203036937,TMI_1980_2024
1999,17.50541989176104,17.621276161446634,17.836804250366175,17.749205830283508,TMI_1980_2024
2000,16.59690145580856,17.119262465614224,17.153703370711494,16.786158459806867,TMI_1980_2024
2001,16.256154031851004,16.667433052342012,16.610861784697363,16.56652137201437,TMI_1980_2024
2002,16.846508628383553,16.190008659630188,16.085982543938268,16.52361461773686,TMI_1980_2024
2003,16.468181192976022,15.448842047602,15.427133066731022,15.893053705395243,TMI_1980_2024
2004,14.364471294826156,14.710840347990564,14.64261970360451,14.727018690321561,TMI_1980_2024
2005,13.348403583162506,13.905671611616233,13.904306518292916,13.538477902800569,TMI_1980_2024
2006,12.902558830413051,13.278334024541007,13.325175177680237,13.173887283594581,TMI_1980_2024
2007,13.270699437208188,12.750675951044139,12.890614676310632,12.895663248956652,TMI_1980_2024
2008,12.51373147924872,12.49570296139259,12.519917829326385,12.63146849275509,TMI_1980_2024
2009,12.109974561808366,12.203701165791617,12.18298490849602,12.1580406057595,TMI_1980_2024
2010,11.850415776221409,11.913074464659232,11.862904777120441,11.890714152435162,TMI_1980_2024
2011,11.711752119275712,11.563395154086779,11.53270995390702,11.568354320797472,TMI_1980_2024
2012,11.142895066895294,11.187311262791031,11.17073501373161,11.228944372350405,TMI_1980_2024
2013,10.832185930880213,10.803341234221069,10.78337219873173,10.843634176496433,TMI_1980_2024
2014,10.555821531713796,10.373425987281536,10.380860153754845,10.352112126857431,TMI_1980_2024
2015,9.668328917978288,9.961177126551869,9.98526224834887,9.988937973513899,TMI_1980_2024
2016,9.742663470849616,9.622030554174707,9.63059211788075,9.58269524237302,TMI_1980_2024
2017,9.337093338291163,9.316492472026463,9.308695467410804,9.3012928030905,TMI_1980_2024
2018,8.824121600130727,9.037123116345358,9.018595311193359,9.115577878809525,TMI_1980_2024
2019,9.185518698006687,8.739058919832356,8.760108925812622,8.819019700240943,TMI_1980_2024
2020,8.447418802585416,8.529666144631083,8.520567579592216,8.54409103046888,TMI_1980_2024
2021,7.9993355908145425,8.374688688489345,8.34145734142482,8.283275769846949,TMI_1980_2024
2022,8.403072916140886,8.283890342780987,8.251907993542451,8.135426392648018,TMI_1980_2024
2023,8.003870670988627,8.25393008688582,8.229917723957625,8.30340577847334,TMI_1980_2024
2024,8.50327374829051,8.281548325979658,8.256736602851348,8.253572209639568,TMI_1980_2024
2005,13.348403583162506,13.254144387332857,13.424289094659127,13.125481206787779,TMI_2005_2024
2006,12.902558830413051,13.18928096690261,13.144191764898487,13.173887283594581,TMI_2005_2024
2007,13.270699437208188,13.004719128928507,12.859535903966409,12.895663248956652,TMI_2005_2024
2008,12.51373147924872,12.637846166592247,12.552425809748167,12.63146849275509,TMI_2005_2024
2009,12.109974561808366,12.097271066520511,12.226473378486489,12.1580406057595,TMI_2005_2024
2010,11.850415776221409,11.89328050782241,11.88692725421389,11.890714152435162,TMI_2005_2024
2011,11.711752119275712,11.614825389077785,11.530791948268694,11.568354320797472,TMI_2005_2024
2012,11.142895066895294,11.210846724010475,11.154593487271006,11.228944372350405,TMI_2005_2024
2013,10.832185930880213,10.870237694653058,10.765313616174083,10.843634176496433,TMI_2005_2024
2014,10.555821531713796,10.376223799415124,10.372138821905985,10.352112126857431,TMI_2005_2024
2015,9.668328917978288,9.897675070424086,9.989526487564566,9.988937973513899,TMI_2005_2024
2016,9.742663470849616,9.606590542497246,9.636422744670519,9.58269524237302,TMI_2005_2024
2017,9.337093338291163,9.283490098779618,9.314424081548285,9.3012928030905,TMI_2005_2024
2018,8.824121600130727,9.053071466233437,9.02676059893175,9.115577878809525,TMI_2005_2024
2019,9.185518698006687,8.923809832760314,8.776005141135606,8.819019700240943,TMI_2005_2024
2020,8.447418802585416,8.49899131407908,8.558878511145375,8.54409103046888,TMI_2005_2024
2021,7.9993355908145425,8.172014372900218,8.391503683159325,8.283275769846949,TMI_2005_2024
2022,8.403072916140886,8.141562858047335,8.282236288593124,8.135426392648018,TMI_2005_2024
2023,8.003870670988627,8.218220155156803,8.215809113192481,8.30340577847334,TMI_2005_2024
2024,8.50327374829051,8.435665920084679,8.176209010798548,8.253572209639568,TMI_2005_2024
2005,8.85540984527253,8.80806419679327,8.833650660265448,8.665619722098107,TMN_2005_2024
2006,8.475829598923685,8.605964154661647,8.632354596384856,8.613870189051413,TMN_2005_2024
2007,8.510371122958025,8.449429071421445,8.435431789466614,8.428904156889773,TMN_2005_2024
2008,8.30051174878761,8.288816958504432,8.238739733941948,8.267303245827119,TMN_2005_2024
2009,7.991026865735723,8.036760597056292,8.039951773568426,8.049832536065587,TMN_2005_2024
2010,7.85795899367343,7.808161373701522,7.838838026174233,7.811878910332246,TMN_2005_2024
2011,7.586650871587589,7.629224710633453,7.634422099405577,7.649835376490791,TMN_2005_2024
2012,7.504896264211356,7.491673022347744,7.42573322350726,7.491854102230043,TMN_2005_2024
2013,7.384015170891184,7.407198562492277,7.211333604318125,7.355039927316392,TMN_2005_2024
2014,7.176208346846638,7.076253424173406,6.993060535106974,7.043337366716375,TMN_2005_2024
2015,6.569788582411303,6.670712307783908,6.779053259529903,6.741235826296036,TMN_2005_2024
2016,6.477710549630169,6.485758417346787,6.581073300044063,6.501660408315633,TMN_2005_2024
2017,6.457482092905427,6.330598475728602,6.404171917583614,6.3159308981588405,TMN_2005_2024
2018,6.012600051940927,6.1690720410860855,6.24897576605491,6.2378922215177495,TMN_2005_2024
2019,6.243594519706894,6.181786642293247,6.115177152781154,6.14990609324551,TMN_2005_2024
2020,6.1935237080887084,6.103418142488653,5.99714008249873,6.051478256565598,TMN_2005_2024
2021,5.717316541901192,5.860557471281311,5.893001978690525,5.897750917210112,TMN_2005_2024
2022,5.782412501640437,5.621100655441688,5.806097468405841,5.65937235798964,TMN_2005_2024
2023,5.4783880304272925,5.650972684521504,5.735784351355232,5.751332960425204,TMN_2005_2024
2024,5.993198349207885,5.93417863341997,5.677760178144352,5.7357931898175885,TMN_2005_2024
2005,4.492993737889978,4.447470894517756,4.752706033794955,4.459861484689672,TMPN_2005_2024
2006,4.426729231489365,4.580892786073627,4.573809218092626,4.560017094543168,TMPN_2005_2024
2007,4.760328314250162,4.552745962655203,4.401646259343218,4.466759092066879,TMPN_2005_2024
2008,4.21321973046111,4.346352502116269,4.235963682087625,4.364165246927971,TMPN_2005_2024
2009,4.118947696072643,4.061857481196745,4.076517556738177,4.1082080696939105,TMPN_2005_2024
2010,3.9924567825479778,4.08448774613818,3.9230731366195317,4.078835242102914,TMPN_2005_2024
2011,4.125101247688122,3.983189500341386,3.7754045119713324,3.9185189443066797,TMPN_2005_2024
2012,3.6379988026839385,3.7144728257650015,3.6332942787223668,3.737090270120362,TMPN_2005_2024
2013,3.448170759989027,3.46466387941178,3.496533220589469,3.4885942491800406,TMPN_2005_2024
2014,3.3796131848671576,3.300528623904782,3.3649199965948613,3.3087747601410555,TMPN_2005_2024
2015,3.0985403355669834,3.2264338846623457,3.238260843016116,3.2477021472178627,TMPN_2005_2024
2016,3.264952921219447,3.1177165279671812,3.116369288431252,3.0810348340573896,TMPN_2005_2024
2017,2.879611245385739,2.9499357236647774,2.9990658784226754,2.985361904931662,TMPN_2005_2024
2018,2.8115215481898006,2.8883610317243824,2.88617791408941,2.877685657291777,TMPN_2005_2024
2019,2.941924178299792,2.7289577454767584,2.7775391951686603,2.6691136069954338,TMPN_2005_2024
2020,2.253895094496708,2.38728415714658,2.672989776202818,2.492612773903284,TMPN_2005_2024
2021,2.282019048913351,2.3083778543676035,2.572375732394916,2.385524852636836,TMPN_2005_2024
2022,2.620660414500449,2.519963098224501,2.4755489259494143,2.476054034658378,TMPN_2005_2024
2023,2.525482640561334,2.5683965780455122,2.382366790584965,2.5512659792827606,TMPN_2005_2024
2024,2.507654882786498,2.4977717987384986,2.2926921288742905,2.5165687616739163,TMPN_2005_2024
2005,0.10366830105634861,0.10472221696469593,0.1011508287751911,0.10220295928821521,Gini_TMI
2006,0.10073761752008181,0.09767141556688301,0.0975689157725294,0.09823764692995951,Gini_TMI
2007,0.09030702221344811,0.09270449767461025,0.09417969365923058,0.09411167172389648,Gini_TMI
2008,0.09129037543815954,0.09032379869390471,0.09106601152566779,0.09074900959619232,Gini_TMI
2009,0.09064963113696933,0.09065381027043866,0.08825342818433765,0.09010829117675692,Gini_TMI
2010,0.08838486695514192,0.08818646317108265,0.0857624254717375,0.08785639779275674,Gini_TMI
2011,0.08453469528615898,0.08531330169684377,0.08365721094093165,0.08482985285787592,Gini_TMI
2012,0.08156999633232687,0.07946608037870223,0.08204806111106429,0.07954816132890485,Gini_TMI
2013,0.07253979236822872,0.07434100048501975,0.08106276272337985,0.07675000106133348,Gini_TMI
2014,0.07614021448344488,0.07755371792153108,0.0807946181635073,0.07888517309352257,Gini_TMI
2015,0.08797551242889412,0.08411927230765255,0.08119101151443202,0.08212922789587414,Gini_TMI
2016,0.08227195677528343,0.08487059780367595,0.08212967865164011,0.08399371675169338,Gini_TMI
2017,0.08173368105090262,0.078671529379639,0.08358105892779177,0.07991440156323411,Gini_TMI
2018,0.07573756686351629,0.08077488355058902,0.08554402696361522,0.08387923361875356,Gini_TMI
2019,0.09416645294184178,0.09015755832262864,0.08795281358624839,0.08939752685873495,Gini_TMI
2020,0.0982885607708468,0.09752664156521684,0.09058249286285087,0.09567584765350763,Gini_TMI
2021,0.09457252924783432,0.09854546545610235,0.0932662620570063,0.09824106996069422,Gini_TMI
2022,0.10186211986340155,0.0949196685821285,0.09596974195677577,0.09467859302913456,Gini_TMI
2023,0.08760112997616787,0.09621301857030214,0.09873023552716288,0.09878013822807928,Gini_TMI
2024,0.10687716484466847,0.10363390259152412,0.10164221823414354,0.09723914741041817,Gini_TMI
2005,0.11182309594886064,0.11351753402581363,0.10788061927494166,0.11104040922380953,Gini_TMN
2006,0.11025772249875843,0.1045753547733396,0.10284835587366445,0.10406083304665377,Gini_TMN
2007,0.09010168069234226,0.09757032686231197,0.09822198612594465,0.09957883793602207,Gini_TMN
2008,0.09837711061696552,0.09058358720218267,0.09424248312369266,0.09036893296888,Gini_TMN
2009,0.08262800759733224,0.08781262884082015,0.09098300173973148,0.09011944426540808,Gini_TMN
2010,0.08935321458192647,0.08847246840764506,0.08850559889336869,0.08892678758695638,Gini_TMN
2011,0.09479914058161043,0.09273038458225703,0.08669879413888917,0.08987280326658482,Gini_TMN
2012,0.08546605463621759,0.08453529123237832,0.08548796834826645,0.08523230821894619,Gini_TMN
2013,0.07543172943901055,0.07908124424401956,0.08500416217402097,0.08246805151331789,Gini_TMN
2014,0.08650637046472553,0.0855060721873931,0.08537476236190313,0.08494045737312797,Gini_TMN
2015,0.09288327221564785,0.08765261461307917,0.08650590832363116,0.08586229416230631,Gini_TMN
2016,0.07819723980654558,0.08492018844844683,0.0883229801938845,0.08751426474588678,Gini_TMN
2017,0.09146228221546693,0.0863219738436306,0.09085886745033138,0.08677223107565386,Gini_TMN
2018,0.0906571712049491,0.09244408418746909,0.0939269456238537,0.09341453515199896,Gini_TMN
2019,0.09812415203558089,0.10084231785453765,0.09724319166379607,0.10163018102206085,Gini_TMN
2020,0.11610921982565259,0.10939099646178944,0.10040500337307678,0.10661792932798045,Gini_TMN
2021,0.1056204161227079,0.11263104711876697,0.10304985752068452,0.11132495469562778,Gini_TMN
2022,0.11224522813852289,0.10343448904679062,0.1051818921768663,0.1033754539524511,Gini_TMN
2023,0.09226071759612253,0.10217366935075325,0.10701937141597705,0.10541503694505748,Gini_TMN
2024,0.11173916510052706,0.10808565514259036,0.10889341357382763,0.1019999413483248,Gini_TMN
2005,0.12307469405897109,0.12271773073413057,0.12307469401644412,0.12135813456147915,Gini_TMPN
2006,0.1196415750639872,0.1209291584141865,0.11964157520068912,0.12179518064045305,Gini_TMPN
2007,0.1226692727984009,0.12045466042666822,0.1226692725761097,0.12059280025886801,Gini_TMPN
2008,0.11946755291421596,0.12248535440936864,0.11946755315257512,0.12269998019275026,Gini_TMPN
2009,0.12596311486563394,0.12435591024288722,0.12596311479837977,0.12137744804334241,Gini_TMPN
2010,0.11870167635017737,0.11494520663669601,0.11870167602185641,0.11403491168007562,Gini_TMPN
2011,0.09743994382441556,0.10294015355421843,0.09743994424696734,0.1063539090725823,Gini_TMPN
2012,0.10292010704315402,0.10048065984301238,0.1029201068191247,0.10064830023440881,Gini_TMPN
2013,0.10158484983565685,0.09926309586053492,0.10158484972954439,0.09909818410733824,Gini_TMPN
2014,0.09278959544320386,0.09601071051783552,0.09278959554741202,0.09970473182535736,Gini_TMPN
2015,0.10473975019721138,0.10823181058989541,0.1047397506454544,0.1076769950272253,Gini_TMPN
2016,0.1255016394412607,0.11071594447288971,0.12550163807910322,0.10665731247866952,Gini_TMPN
2017,0.08973054779753653,0.10215893758385518,0.08973054876952959,0.10801414449651975,Gini_TMPN
2018,0.10881024625076208,0.10554999240460594,0.10881024590454215,0.10580985444979399,Gini_TMPN
2019,0.11888876930108339,0.1106466343649738,0.1188887687105692,0.10661470660689075,Gini_TMPN
2020,0.09214510426882683,0.0997519667631845,0.09214510489654758,0.104002599748276,Gini_TMPN
2021,0.10097392567491781,0.09774011471481946,0.10097392523350819,0.10164422366018161,Gini_TMPN
2022,0.11181364103680025,0.11493834212909161,0.11181364141059762,0.11633627204244115,Gini_TMPN
2023,0.13622124941560543,0.12943127405909066,0.13622124903569027,0.12907523311628447,Gini_TMPN
2024,0.13919080889644775,0.14164211829361564,0.1391908090324572,0.1377060291560266,Gini_TMPN
2005,0.0791819927242241,0.08170507667526958,0.08080970914905038,0.0811132053228375,IC_abs
2006,0.0830444179214509,0.07564604115022171,0.0785226268278904,0.07547698143517774,IC_abs
2007,0.06420453365985823,0.06861009140278995,0.06733606547849093,0.07037389420115137,IC_abs
2008,0.06387273102214497,0.06127594170987266,0.062770636000248,0.06286267278702296,IC_abs
2009,0.060510753679065665,0.06417570672436634,0.06277529997386382,0.06449277617959866,IC_abs
2010,0.06909484383758535,0.06365937652111613,0.06467307773486998,0.06195932002365744,IC_abs
2011,0.05627236255432133,0.05911726820951241,0.058437363422991356,0.06038701054475726,IC_abs
2012,0.05579382524236509,0.056209595438834414,0.056487554443499774,0.05760741096413283,IC_abs
2013,0.060756045095712086,0.058998781682205174,0.05927279365006132,0.05870024503252106,IC_abs
2014,0.05955086475948601,0.061167341694684144,0.06088626924668022,0.06107940315718766,IC_abs
2015,0.0629312996163649,0.06255057869383827,0.062364712987843164,0.06107631538936467,IC_abs
2016,0.06074678179224313,0.05833071670699188,0.05847048331064929,0.05758694854618188,IC_abs
2017,0.049082764229937625,0.05101832065668338,0.050830303192703194,0.053746432024494174,IC_abs
2018,0.05140975005130177,0.05195330506961879,0.052752454846229944,0.05535189265150804,IC_abs
2019,0.06556316367328474,0.06724468480099852,0.066124717664787,0.06681252744810143,IC_abs
2020,0.0834646686197178,0.07551149462019272,0.07679429304197835,0.07056825034612653,IC_abs
2021,0.06267691874537706,0.06852412499894235,0.0662272899399397,0.06867453123397285,IC_abs
2022,0.05988200633682372,0.05443216019495774,0.05658823326343975,0.057370451916888054,IC_abs
2023,0.049552430668463376,0.05751934234339799,0.0548540379099557,0.06415305825767577,IC_abs
2024,0.08302473776774022,0.07897535487277287,0.07884243653326208,0.0662885842181018,IC_abs
2005,1.4993434614803005,1.5157530742874594,1.525620380259857,1.5363975773199887,razon_Q4_Q1
2006,1.5734516931596771,1.5292072356369242,1.5044280294234527,1.5234427360779228,razon_Q4_Q1
2007,1.4975330535937907,1.4982238593761126,1.4833665946324013,1.4969872017002332,razon_Q4_Q1
2008,1.4199768583472319,1.4426474628541484,1.4627901354719057,1.4607824900773507,razon_Q4_Q1
2009,1.46483755829103,1.4533221629648891,1.4431753461338375,1.4492025084799582,razon_Q4_Q1
2010,1.4627931088016126,1.4509333326934948,1.4247239330287453,1.4403259689066348,razon_Q4_Q1
2011,1.3933472396272617,1.4098431356617172,1.4077748177027707,1.4140085369872177,razon_Q4_Q1
2012,1.385885262532779,1.3753141039379537,1.3929370289389456,1.3775254328422757,razon_Q4_Q1
2013,1.3533437963667863,1.3565559331717407,1.3807481471373797,1.3620251555211644,razon_Q4_Q1
2014,1.346846407663928,1.3472944573470331,1.371608920414259,1.3584589753141985,razon_Q4_Q1
2015,1.3751867219118814,1.3977300465512146,1.365663919197081,1.3886873341645085,razon_Q4_Q1
2016,1.4440288729177162,1.384684186072356,1.3628583296500913,1.3619935692636642,razon_Q4_Q1
2017,1.2667651129613948,1.3130893783459803,1.3633293656657814,1.336085736203729,razon_Q4_Q1
2018,1.2974632227320761,1.282568448706488,1.3676560839310101,1.309051834779523,razon_Q4_Q1
2019,1.362927168645098,1.3885143466974579,1.3757177632979025,1.3859584916369732,razon_Q4_Q1
2020,1.4974850835337454,1.4399262253270935,1.3866669542100396,1.4134499174223585,razon_Q4_Q1
2021,1.3799375000882321,1.4338643925654242,1.3996155131337225,1.4323159915478996,razon_Q4_Q1
2022,1.4195253910217214,1.3592070224011736,1.4143969518551012,1.3737270728895314,razon_Q4_Q1
2023,1.3217183275586413,1.3993861656726667,1.4309060138101952,1.4415419578873991,razon_Q4_Q1
2024,1.5833821550818348,1.55398771384387,1.448825023552279,1.452550241320238,razon_Q4_Q1
2005,11.029640216243086,10.938192629098236,11.029640211352124,10.897785618524782,TMI_Q1
2006,10.765931020806478,11.032503964432003,10.765931035896367,10.99554365253782,TMI_Q1
2007,11.1910597205639,11.015462812921475,11.191059703244582,10.909266550366914,TMI_Q1
2008,10.770808909730365,10.798889573137075,10.770808917260258,10.733289194931778,TMI_Q1
2009,10.23799895450107,10.234864624689006,10.237998948554042,10.30710518867275,TMI_Q1
2010,9.912507701786815,10.04802177864874,9.912507717169916,10.090980916592454,TMI_Q1
2011,10.122436093489478,9.903672422728215,10.122436072049037,9.835394400152776,TMI_Q1
2012,9.471239405182034,9.611929870533835,9.47123941721442,9.650096896645124,TMI_Q1
2013,9.356615191263861,9.417873082664897,9.356615199231436,9.373895449617745,TMI_Q1
2014,9.293831752407337,9.002457936027001,9.293831724603194,8.924794432680855,TMI_Q1
2015,8.12393635437137,8.394091341294036,8.123936377741046,8.558272083361118,TMI_Q1
2016,8.257048143304644,8.249574619090305,8.257048142878608,8.275800900072667,TMI_Q1
2017,8.446418202541992,8.196620528590952,8.446418178006258,8.106315203708235,TMI_Q1
2018,7.61547926527807,7.9144057095936144,7.615479295036357,7.958519040793434,TMI_Q1
2019,7.813659654560244,7.5929323740992,7.813659632908479,7.529692244085901,TMI_Q1
2020,7.15993781241939,7.1419308461041595,7.159937810743616,7.211485981416134,TMI_Q1
2021,6.660860477268768,6.898508083985754,6.660860497623615,7.069595033333988,TMI_Q1
2022,7.387986810313806,7.173947560450387,7.387986788743429,7.113686296180024,TMI_Q1
2023,7.292211600957499,7.234783467885104,7.292211608401794,7.223907945000039,TMI_Q1
2024,6.991525423728813,7.024583945364425,6.991525423220637,7.141868512343156,TMI_Q1
2005,12.841643482517396,12.690357214279068,12.900604913644031,12.57773143784867,TMI_Q2
2006,12.313819393179944,12.783078664785887,12.736285315207592,12.794047789244107,TMI_Q2
2007,13.226680492034983,12.73821705898709,12.558247594687119,12.580480965677225,TMI_Q2
2008,12.200943011816753,12.496260779125574,12.330421934879494,12.493691804088817,TMI_Q2
2009,12.053451908414718,11.9357787892903,12.060326337217639,11.975992040082438,TMI_Q2
2010,11.673581200015848,11.746316704072976,11.757681285499807,11.748174646256174,TMI_Q2
2011,11.517490830337959,11.454153299608322,11.427113213726182,11.43085435864839,TMI_Q2
2012,11.101491045591363,11.143952174064994,11.068343892635607,11.128266612426678,TMI_Q2
2013,10.765817961350713,10.749093442233422,10.687683688380023,10.721287702776221,TMI_Q2
2014,10.296554101386588,10.237923251523894,10.296868064624631,10.258674779812136,TMI_Q2
2015,9.713652276699111,9.867214720157754,9.912885866213307,9.914430967015011,TMI_Q2
2016,9.733086522959336,9.554315709975654,9.547816492022838,9.51775866414299,TMI_Q2
2017,9.106537192770524,9.196390428463346,9.200200562651734,9.242794390791097,TMI_Q2
2018,8.888759456643434,8.970080039880427,8.877187464127795,8.967441180525995,TMI_Q2
2019,8.907026892164026,8.669943955191867,8.581255380062448,8.603631118926867,TMI_Q2
2020,8.015107007973143,8.221412415323996,8.320007560911781,8.317511465907929,TMI_Q2
2021,8.03040049758662,7.98725951919142,8.119065032571633,8.013888058881879,TMI_Q2
2022,7.9961566710858785,7.85284489610608,7.98193513498201,7.866433752220505,TMI_Q2
2023,7.5727440879890215,7.859809293222303,7.900066504853556,7.938751897019621,TMI_Q2
2024,8.247354931983965,8.142282259623602,7.858914755482008,7.910049509986493,TMI_Q2
2005,15.800850707760967,15.728178772949047,14.912309377794369,15.091185960252378,TMI_Q3
2006,14.38152121274379,14.490546702152724,14.491711142357886,14.54452830637577,TMI_Q3
2007,13.451212998622552,13.809453879869842,14.082975799840794,13.93088187057759,TMI_Q3
2008,13.959911400366432,13.313678096401045,13.68576877194806,13.256038837576282,TMI_Q3
2009,12.356992113739864,12.968702061457048,13.299764907927736,13.184125951117943,TMI_Q3
2010,13.235474339247538,12.92928006832251,12.924648225704228,12.87417826543576,TMI_Q3
2011,13.030068343319881,12.928904436142158,12.560111644071966,12.79558493459318,TMI_Q3
2012,12.121212121212121,12.340386374927384,12.205856746348584,12.422009578276786,TMI_Q3
2013,12.114748270298357,12.017512355887643,11.861593540109657,11.989608078369109,TMI_Q3
2014,11.732863843596851,11.714460549645507,11.527040213280559,11.62283901953002,TMI_Q3
2015,11.020904944694852,10.946991171666303,11.201922905882304,11.003198761947127,TMI_Q3
2016,10.255827497549681,10.48512973095421,10.885975484566464,10.604169959823976,TMI_Q3
2017,10.535777437227397,10.201807559761123,10.578939317507452,10.26499118850064,TMI_Q3
2018,10.003368630724841,10.538790735216416,10.280563057759316,10.56176022215464,TMI_Q3
2019,11.146134598511683,10.447506325107433,9.990602444415051,10.193363821510214,TMI_Q3
2020,9.430588235294117,9.782218371803184,9.708820106545744,9.876558019315667,TMI_Q3
2021,9.052951224141204,9.08873903099475,9.434985381802967,9.220332400929742,TMI_Q3
2022,9.177457743353907,8.972985284394548,9.168874111681921,8.973509083220206,TMI_Q3
2023,8.690118282165507,8.912970161719624,8.910268453681178,8.988264934985079,TMI_Q3
2024,9.097218779435824,9.023710294398983,8.658956707902954,8.893668530800666,TMI_Q3
2005,16.53721894070424,16.579599104704098,17.17682741391493,16.738445666916242,TMI_Q4
2006,16.939672393128244,16.870984889602486,16.65334879197621,16.745291056706336,TMI_Q4
2007,16.75898183628653,16.50362920838925,16.11805249330722,16.330984542304023,TMI_Q4
2008,15.294299397497296,15.57899064432832,15.559964877338459,15.683428874693764,TMI_Q4
2009,14.997005390297465,14.874555594005853,14.989111370683592,14.93041758163714,TMI_Q4
2010,14.499947957116664,14.57900972627163,14.411056667061047,14.533673912193684,TMI_Q4
2011,14.104068389166926,13.962624583025642,13.829871270554422,13.910022485281697,TMI_Q4
2012,13.126051109561507,13.219422717007681,13.25413236824537,13.297612207605537,TMI_Q4
2013,12.662717124088179,12.775871608147488,12.699018589534681,12.768710714270819,TMI_Q4
2014,12.517363909162771,12.128961679708983,12.175055573744089,12.117336812479891,TMI_Q4
2015,11.171929404188726,11.73267368122206,11.691576207651647,11.87090307911834,TMI_Q4
2016,11.923415924003526,11.423055516878238,11.262082718599414,11.264991078884846,TMI_Q4
2017,10.699627908462288,10.762895354425394,10.889411017604075,10.834616034214267,TMI_Q4
2018,9.880804270176988,10.150767053387256,10.590443065807298,10.409960402795168,TMI_Q4
2019,10.649449029746227,10.542895534940326,10.373817114348677,10.417384457683497,TMI_Q4
2020,10.721900073127273,10.283853524777902,10.22618124415254,10.18764008610409,TMI_Q4
2021,9.191571155438773,9.891525103451897,10.143064116410908,10.133635364780023,TMI_Q4
2022,10.487434865774025,9.750879902501941,10.131007338014832,9.772418580878021,TMI_Q4
2023,9.638249721421268,10.124255896595733,10.17188140172091,10.398647059976152,TMI_Q4
2024,11.070256592733166,10.916117145961207,10.247175474954746,10.354253157077217,TMI_Q4
2005,0.20655883086762247,0.20904740983249556,0.20749716860212478,0.2070930446285921,CV_provincial
2006,0.20762725838956173,0.2007370298389796,0.19887980375206413,0.20079047084101542,CV_provincial
2007,0.18818532326586207,0.19090733488819767,0.19063627182659457,0.19236138287975957,CV_provincial
2008,0.18127156698385494,0.1822713734092527,0.18291979083256973,0.183705728917256,CV_provincial
2009,0.18166029650205098,0.17894067951490855,0.1758404871984009,0.17853641968426803,CV_provincial
2010,0.17267739556689823,0.17615999405775878,0.16947450894394794,0.17561579550535864,CV_provincial
2011,0.17250969444712672,0.16927921605014554,0.16400775471101217,0.16674092747661426,CV_provincial
2012,0.15503569241581783,0.15312374759471528,0.15973869139427765,0.1548436757911874,CV_provincial
2013,0.1369856405106177,0.14246756685866938,0.1571063580562677,0.14823658458785877,CV_provincial
2014,0.15268842083714074,0.15110435580604856,0.15638406506927735,0.15184710568839394,CV_provincial
2015,0.16586725571742336,0.16093786876654048,0.1573962850850924,0.15793534293937272,CV_provincial
2016,0.15525035226355408,0.1616539379054619,0.15987196568838738,0.1615394946689316,CV_provincial
2017,0.16350087602581745,0.15520499167179427,0.16370428741777862,0.15625893638073712,CV_provincial
2018,0.15002558085283985,0.15878198257263335,0.16874801887896967,0.1652070869347927,CV_provincial
2019,0.18209480392572075,0.18164083364104616,0.17471878281272893,0.18176286853831358,CV_provincial
2020,0.21316822083638018,0.19820915022808314,0.18088424997234248,0.19216876236892816,CV_provincial
2021,0.1812432623446836,0.20232500518837931,0.18661612049409335,0.20344263747981295,CV_provincial
2022,0.2159164292583751,0.18977347613368675,0.1918915701542883,0.18825723595737728,CV_provincial
2023,0.1676120162690732,0.19006364913453191,0.1968664454581306,0.19756911408869793,CV_provincial
2024,0.20917889673864545,0.20112824981144622,0.20202212212546872,0.18839545650385933,CV_provincial
