anio,TMI,Gini_TMI,Gini_TMI_LI,Gini_TMI_LS,Gini_TMN,Gini_TMN_LI,Gini_TMN_LS,Gini_TMPN,Gini_TMPN_LI,Gini_TMPN_LS,TMI_max,prov_max,TMI_min,prov_min,razon_max_min,IC,IC_LI,IC_LS,IC_NBIpersonas,SII,SII_LI,SII_LS,RII,RII_LI,RII_LS
2005,13.28553263932208,0.10366830105634861,0.09510943885934556,0.11604260404181577,0.11182309594886064,0.10766678644931896,0.13039736977525074,0.12307469405897109,0.10990173345608438,0.1417656689599739,22.913929040735873,Formosa,6.700167504187605,Tierra del Fuego,3.419903909329829,-0.0791819927242241,-0.0903002365210393,-0.06802193357247652,-0.08044262762582055,6.65905911652207,3.5015098047644693,9.816608428279672,1.6523047525723482,1.3329082922579054,2.048236184912951
2006,12.839610652228043,0.10073761752008181,0.09179393467258112,0.11331851566923373,0.11025772249875843,0.10118785580520928,0.13008817461384808,0.1196415750639872,0.10734019123596834,0.14356427100986435,24.205748865355524,Formosa,8.305911721320777,CABA,2.9142795730925983,-0.0830444179214509,-0.09492439804455474,-0.07179053154630864,-0.0844775299308751,6.77022443303156,3.8235849157391324,9.716863950323987,1.6964629021387092,1.3857975543465977,2.0767725915708226
2007,13.261840110732429,0.09030702221344811,0.08486521781740991,0.10413776946089903,0.09010168069234226,0.08272023014154276,0.10595118160152399,0.1226692727984009,0.11444413602723652,0.14528055659789568,22.862734632150165,Formosa,8.400215270140627,CABA,2.721684373187191,-0.06420453365985823,-0.07582670273092154,-0.05315086348284675,-0.06681070428194635,5.406129890501013,2.2838854595274536,8.528374321474573,1.5039435795353657,1.2129982896615445,1.8646739321097954
2008,12.491520300903382,0.09129037543815954,0.08351779115225275,0.103549307871456,0.09837711061696552,0.08697649714325033,0.11393979352979872,0.11946755291421596,0.10565056813916814,0.1425657534518054,19.22762232040583,Formosa,6.846709775580068,Tierra del Fuego,2.8083010600192737,-0.06387273102214497,-0.07552822041207724,-0.053151711459806614,-0.06674250809751636,5.065074673116776,2.288163399972515,7.841985946261037,1.5006966859504347,1.2213236554440419,1.843975209342699
2009,12.083495257907186,0.09064963113696933,0.08302302126280044,0.10308824188821991,0.08262800759733224,0.07259154785728753,0.09985433776687688,0.12596311486563394,0.11109243110444461,0.14656739814004913,20.469546328014037,Formosa,4.581901489117985,Tierra del Fuego,4.467478486089063,-0.060510753679065665,-0.07160418941198118,-0.048349987490976847,-0.06459438065255774,4.6413862158500425,1.8579310459246585,7.4248413857754265,1.4687878252008637,1.1916358951683472,1.8104000426686604
2010,11.819929947135664,0.08838486695514192,0.07850955870318703,0.1009681141397599,0.08935321458192647,0.08316966257212526,0.10965148784758129,0.11870167635017737,0.10558788264740021,0.14155730183010426,17.81756180733163,Formosa,7.043958704792093,CABA,2.5294812979539643,-0.06909484383758535,-0.0809821224618398,-0.05796627946917933,-0.07289369242770793,5.198993489083557,2.9440761537309754,7.453910824436139,1.5538533527477383,1.2967112433796062,1.8619875891201518
2011,11.719375407703799,0.08453469528615898,0.07671795445949484,0.09835144909902711,0.09479914058161043,0.08884907967902142,0.11628950061365143,0.09743994382441556,0.08692345832274828,0.12367466812463429,21.236470974089865,Formosa,7.053291536050157,Tierra del Fuego,3.0108596625487407,-0.05627236255432133,-0.06723179202857046,-0.04536694566436482,-0.059786984706088564,4.202849949262398,1.6083318952439547,6.797368003280841,1.4320008415959227,1.1738342642197996,1.7469471396751224
2012,11.095408567072717,0.08156999633232687,0.07474215887425961,0.09929978896695352,0.08546605463621759,0.07682176241690764,0.10659368274472464,0.10292010704315402,0.09386684284368324,0.1304336415271603,17.326114119117037,Formosa,6.914511494252873,Neuquén,2.5057611276686664,-0.05579382524236509,-0.06833111516346696,-0.04227730054179517,-0.05953844008392184,3.9411219710198373,1.8604705867887983,6.021773355250876,1.4271096640880172,1.203020277557354,1.6929407021040979
2013,10.83120311696184,0.07253979236822872,0.06385827367799327,0.08730001731137865,0.07543172943901055,0.06930885339469431,0.10091462302649362,0.10158484983565685,0.09533433293036993,0.13215123591360206,14.875119352731293,Corrientes,7.722007722007723,Tierra del Fuego,1.9263279561787023,-0.060756045095712086,-0.0723689508127876,-0.04837564361555028,-0.05773134559746018,4.193020458459952,2.7621610480004524,5.6238798689194525,1.4740322851105496,1.3080897068957318,1.6610261254210914
2014,10.541124842696266,0.07614021448344488,0.06974139718941448,0.09118651418566567,0.08650637046472553,0.07926519910498389,0.10264040599868114,0.09278959544320386,0.08083389389157505,0.11983359178081024,15.907896622557685,Corrientes,6.762769176009966,La Pampa,2.3522755558460955,-0.05955086475948601,-0.07224492341218323,-0.047938247302602745,-0.0591269815604325,3.9908351790506953,2.167165583080097,5.814504775021294,1.4612084408537105,1.248769735676291,1.7097868779353607
2015,9.66995430337086,0.08797551242889412,0.0797049201730661,0.10351322105668376,0.09288327221564785,0.08435624594409924,0.11555854729399948,0.10473975019721138,0.0934546808331386,0.13210869661090383,14.522218995062444,Corrientes,6.377490087421775,CABA,2.277105694559117,-0.0629312996163649,-0.07588769892098537,-0.05119179218804831,-0.06753741055519225,3.860051801005734,1.9979496703008572,5.722153931710611,1.491715356945007,1.2478130667538345,1.783291716871045
2016,9.752370865895248,0.08227195677528343,0.07356907189316812,0.1024065885992871,0.07819723980654558,0.07267718230210356,0.10007923772490707,0.1255016394412607,0.11514562748695471,0.15258109982517762,14.952942211276278,Formosa,6.71615411806292,Tierra del Fuego,2.226414395563189,-0.06074678179224313,-0.0748192228620871,-0.047143297941610186,-0.06632102677849194,3.759511557858749,2.049309149853742,5.469713965863756,1.4714161977547564,1.2547083793381852,1.7255528556819402
2017,9.354035869009307,0.08173368105090262,0.07353771121011139,0.09894488315312042,0.09146228221546693,0.08556005329034262,0.11372959324184392,0.08973054779753653,0.08115746932894155,0.12012348029970574,16.046932965231644,Formosa,6.760500942037016,Chubut,2.3736307564800843,-0.049082764229937625,-0.06288317525366703,-0.03559883215244825,-0.053843717410107406,2.9115637293241323,0.8762600360864554,4.946867422561809,1.365588394234409,1.1197870486874366,1.6653449105824023
2018,8.844745766686305,0.07573756686351629,0.06901382498372274,0.09450637043193977,0.0906571712049491,0.08365989165137097,0.11613222884575325,0.10881024625076208,0.09641640467063778,0.14313509415925996,12.843112566104256,Corrientes,5.977387430569261,CABA,2.1486163838774512,-0.05140975005130177,-0.06617308415880369,-0.03758120609373867,-0.05381975049859977,2.876251182166839,1.221714984911455,4.530787379422223,1.3847782017015138,1.1633053850910837,1.6484155342902795
2019,9.14974657926068,0.09416645294184178,0.08390509743420838,0.11170987114212369,0.09812415203558089,0.0893925794030582,0.12471669351457801,0.11888876930108339,0.10897880088947787,0.15096751223469757,13.560975609756095,Formosa,5.393401015228426,Neuquén,2.5143644189383068,-0.06556316367328474,-0.08053174211476988,-0.0514007906115304,-0.06754677460341107,3.788921939302054,1.7767515716507205,5.801092306953388,1.5142457363636144,1.2441599198906195,1.8429625592640604
2020,8.419916797160651,0.0982885607708468,0.09412620611254133,0.12335556120341509,0.11610921982565259,0.10931506382332597,0.14402659653610228,0.09214510426882683,0.08362040715944667,0.14747381943086343,16.38099370796268,Formosa,4.910507774970644,CABA,3.3359062766295304,-0.0834646686197178,-0.10154053426210688,-0.06647198420424771,-0.08826367478096153,4.430057939810898,2.40435541696932,6.455760462652476,1.6959109317105927,1.367144834417976,2.1037375235520797
2021,7.975338294673336,0.09457252924783432,0.08547571967620167,0.11426467881846472,0.1056204161227079,0.0946740161966863,0.13467940416417534,0.10097392567491781,0.09716474497738856,0.14672208198002012,11.5672488092538,Formosa,4.645983719858701,CABA,2.489730809819884,-0.06267691874537706,-0.07913439486226034,-0.04480396421258104,-0.062285542066013555,3.1508904064183003,1.359623307759549,4.942157505077052,1.4857848092599237,1.2018031945478522,1.836870220883449
2022,8.40649648208601,0.10186211986340155,0.09683548987625379,0.12662539245852847,0.11224522813852289,0.10839958029629244,0.14301055353924702,0.11181364103680025,0.09594555974532674,0.15766615352133817,15.087223008015089,Formosa,3.878474466709761,Tierra del Fuego,3.8899889988998906,-0.05988200633682372,-0.07677325568705451,-0.04212869533387002,-0.06502399194149255,3.2617145055045604,0.8082762772391119,5.715152733770009,1.4752751866300255,1.1318066814823677,1.922975815477339
2023,7.997460295371129,0.08760112997616787,0.0814347895257713,0.1162375928040821,0.09226071759612253,0.08300170148005534,0.12072582712257898,0.13622124941560543,0.12134973026810059,0.1806780302841385,11.64667087630674,Corrientes,5.152741994847258,Chubut,2.260286055066101,-0.049552430668463376,-0.06916374981344676,-0.03171176559555371,-0.047145874330733806,2.6335241282038555,0.8838398294773167,4.383208426930395,1.39068563514244,1.1295029886771926,1.7122633186270062
2024,8.505113987939968,0.10687716484466847,0.09748946104828127,0.1277380171935419,0.11173916510052706,0.10179248653558873,0.13869382305483935,0.13919080889644775,0.1291978171641376,0.18842588802410798,13.95756899026958,Corrientes,4.9408035797520276,CABA,2.824959293558902,-0.08302473776774022,-0.10119279983012644,-0.06529139590642168,-0.08762936180222614,4.553476999667069,2.6198040793647017,6.487149919969436,1.7118854807034452,1.3913849525855317,2.1062121547294206
