periodo,censo,indicador_social,componente,tasa_total,IC,IC_LI,IC_LS,SII,SII_LI,SII_LS,RII,RII_LI,RII_LS,tasa_Q1,tasa_Q4,razon_Q4_Q1,dif_Q4_Q1
2009-2011,Censo 2010,NBI personas,TMI,11.873172406786368,-0.06574519629705744,-0.07275619989204554,-0.05904482373171678,4.966336257133378,2.796511438308307,7.136161075958448,1.520317404248072,1.287614837951134,1.7950748481102186,10.0909483913493,14.533637005367536,1.4402647245552096,4.442688614018236
2009-2011,Censo 2010,NBI personas,TMN,7.796843729051029,-0.05908128705499549,-0.06719829910871707,-0.051152957270501814,2.930718447693143,1.2372473582867107,4.624189537099576,1.456912821504213,1.1960923857507026,1.7746078770756188,6.821540287359439,9.301953889799018,1.3636148872470746,2.4804136024395786
2009-2011,Censo 2010,NBI personas,TMPN,4.07632867773534,-0.07849133702626898,-0.09005916265449543,-0.06739308003355934,2.035617809440232,1.0603610575017521,3.010874561378712,1.6496347182896582,1.3285245924090223,2.048358547019486,3.2694081039898615,5.2316831155685195,1.6001927410603687,1.962275011578658
2009-2011,Censo 2010,NBI hogares,TMI,11.873172406786368,-0.06248954078227564,-0.06942736627451773,-0.05526151511226087,4.720406806246314,2.4457936067321873,6.99502000576044,1.4891661614957874,1.250806760984021,1.7729484087529865,10.170048815583224,14.068481857502626,1.383324909507412,3.898433041919402
2009-2011,Censo 2010,NBI hogares,TMN,7.796843729051029,-0.05644951765080419,-0.06450004331978411,-0.0486501503584628,2.800169918244921,1.0640513429877225,4.536288493502119,1.4327613567959636,1.169409642893204,1.7554200258251866,6.908080533504354,8.74092310472168,1.2653186456538827,1.832842571217327
2009-2011,Censo 2010,NBI hogares,TMPN,4.07632867773534,-0.074042366915545,-0.08582434516073867,-0.06270016611585902,1.9202368880013927,0.9002580740953019,2.9402157019074835,1.603512684805095,1.2790157247424396,2.0103372308801184,3.26196828207887,5.327558752780947,1.633234382458699,2.0655904707020767
2021-2023,Censo 2022,NBI personas,TMI,8.12570309500142,-0.059178488922488004,-0.06937176608448027,-0.04925880629327446,3.026099067748374,1.2495211644662245,4.8026769710305235,1.4520369900766892,1.1845506584040328,1.7799250758863057,7.231970816314615,10.220375340278379,1.4132213195913648,2.988404523963764
2021-2023,Censo 2022,NBI personas,TMN,5.659176659304204,-0.05732124146672524,-0.06871891863338796,-0.0446967379908421,2.041395530803422,0.5391319924113394,3.543659069195505,1.4350849384185576,1.122452037933778,1.83479445969637,5.13550561235413,7.161477120788003,1.394502832118445,2.025971508433873
2021-2023,Censo 2022,NBI personas,TMPN,2.466526435697217,-0.06343974122454665,-0.08109876796128647,-0.04755846459643852,0.9847035369449546,0.38191638021055296,1.5874906936793562,1.4917149330452424,1.1893762329282929,1.8709079430581905,2.096465203960484,3.0588982194903758,1.4590741662259579,0.9624330155298919
2021-2023,Censo 2022,NBI hogares,TMI,8.12570309500142,-0.056256281687598886,-0.06675359400768249,-0.04597695680044272,3.0205230309796294,1.2420910014584505,4.798955060500808,1.451291476644314,1.184156173259513,1.7786901742721735,7.483001810607884,10.220375340278379,1.3658122233499932,2.737373529670495
2021-2023,Censo 2022,NBI hogares,TMN,5.659176659304204,-0.052387228728099755,-0.06448348196912787,-0.04014663284418404,1.9748993386787457,0.455357637574076,3.4944410397834154,1.4184672101653584,1.1069930875903224,1.8175806595993098,5.350789450360222,7.161477120788003,1.3383963594953048,1.8106876704277814
2021-2023,Censo 2022,NBI hogares,TMPN,2.466526435697217,-0.06513340292381198,-0.08354238889181342,-0.048496075746651574,1.045623692300886,0.4632392269225485,1.6280081576792234,1.5295993281508304,1.227767562742232,1.9056327725858668,2.1322123602476606,3.0588982194903758,1.4346123662537436,0.9266858592427152
2021-2023,Censo 2022,% sin cobertura de salud,TMI,8.12570309500142,-0.050176464432224455,-0.06021800635639372,-0.0404807992688506,2.5657794750410456,0.6528105369664918,4.4787484131156,1.3717855386081137,1.0991479424998165,1.7120493895066966,7.084555036056741,9.222118970039876,1.301721692202832,2.1375639339831354
2021-2023,Censo 2022,% sin cobertura de salud,TMN,5.659176659304204,-0.04327223213012332,-0.054578684660999674,-0.030271273020257044,1.541064691168638,-0.07362067189564447,3.1557500542329207,1.3132823687434434,1.0048656884189853,1.7163593104327992,5.067754972660274,6.144158344410071,1.2124024104473916,1.0764033717497972
2021-2023,Censo 2022,% sin cobertura de salud,TMPN,2.466526435697217,-0.06601747457871365,-0.0842028980509887,-0.048110641263737354,1.0247147838724115,0.4351094316712363,1.6143201360735868,1.516339013254966,1.214847147407597,1.8926529218309995,2.016800063396466,3.0779606256298058,1.5261605161030458,1.06116056223334
