anio,cuartil,nv,def,neo,posneo,TMI,TMN,TMPN
2005,Q1,193116,2130,1438,692,11.029640216243086,7.4463017046749105,3.5833385115681766
2005,Q2,322778,4145,2695,1450,12.841643482517396,8.349391842071022,4.492251640446375
2005,Q3,71705,1133,812,321,15.800850707760967,11.324175441043163,4.476675266717802
2005,Q4,122572,2027,1306,721,16.53721894070424,10.654961981529224,5.882256959175015
2006,Q1,191623,2063,1398,665,10.765931020806478,7.295575165820387,3.4703558549860922
2006,Q2,322402,3970,2545,1425,12.313819393179944,7.893871626106538,4.419947767073405
2006,Q3,68143,980,673,307,14.38152121274379,9.876289567527111,4.505231645216677
2006,Q4,112635,1908,1240,668,16.939672393128244,11.009011408531983,5.930660984596262
2007,Q1,190956,2137,1429,708,11.1910597205639,7.483399317120175,3.7076604034437253
2007,Q2,324042,4286,2630,1656,13.226680492034983,8.116231846489034,5.110448645545947
2007,Q3,71146,957,667,290,13.451212998622552,9.375087847524808,4.0761251510977425
2007,Q4,112477,1885,1210,675,16.75898183628653,10.757754918783396,6.001226917503135
2008,Q1,204720,2205,1504,701,10.770808909730365,7.346619773348964,3.424189136381399
2008,Q2,343580,4192,2728,1464,12.200943011816753,7.9399266546364755,4.261016357180278
2008,Q3,73138,1021,741,280,13.959911400366432,10.1315321720583,3.82837922830813
2008,Q4,122987,1881,1190,691,15.294299397497296,9.67581939554587,5.618480001951426
2009,Q1,202774,2076,1424,652,10.23799895450107,7.022596585361042,3.215402369140028
2009,Q2,343636,4142,2713,1429,12.053451908414718,7.8949818994517464,4.158470008962973
2009,Q3,72024,890,603,287,12.356992113739864,8.372209263578807,3.984782850161057
2009,Q4,125225,1878,1184,694,14.997005390297465,9.454981034138552,5.5420243561589135
2010,Q1,202875,2011,1368,643,9.912507701786815,6.743068391866913,3.1694393099199014
2010,Q2,353362,4125,2679,1446,11.673581200015848,7.581460372083019,4.0921208279328285
2010,Q3,73439,972,696,276,13.235474339247538,9.47725323057231,3.7582211086752273
2010,Q4,124897,1811,1170,641,14.499947957116664,9.367719000456376,5.132228956660288
2011,Q1,202718,2052,1358,694,10.122436093489478,6.6989611184009314,3.4234749750885465
2011,Q2,354157,4079,2587,1492,11.517490830337959,7.3046699627566305,4.2128208675813275
2011,Q3,73599,959,654,305,13.030068343319881,8.885990298781234,4.144078044538649
2011,Q4,125283,1767,1138,629,14.104068389166926,9.083435102926973,5.020633286239953
2012,Q1,198918,1884,1302,582,9.471239405182034,6.545410671734081,2.9258287334479536
2012,Q2,344188,3821,2543,1278,11.101491045591363,7.388404011761015,3.7130870338303485
2012,Q3,71610,868,588,280,12.121212121212121,8.211143695014663,3.9100684261974585
2012,Q4,121895,1600,1068,532,13.126051109561507,8.761639115632306,4.364411993929202
2013,Q1,202103,1891,1348,543,9.356615191263861,6.669866355274291,2.6867488359895697
2013,Q2,352969,3800,2514,1286,10.765817961350713,7.122438514430446,3.643379446920268
2013,Q3,73134,886,639,247,12.114748270298357,8.737386167856263,3.377362102442093
2013,Q4,124065,1571,1050,521,12.662717124088179,8.463305525329465,4.199411598758715
2014,Q1,208633,1939,1333,606,9.293831752407337,6.389209760680237,2.9046219917270997
2014,Q2,359732,3704,2432,1272,10.296554101386588,6.760588438059444,3.5359656633271435
2014,Q3,76111,893,678,215,11.732863843596851,8.908042201521463,2.8248216420753898
2014,Q4,130299,1631,1107,524,12.517363909162771,8.49584417378491,4.021519735377861
2015,Q1,205073,1666,1162,504,8.12393635437137,5.666274936242217,2.457661418129154
2015,Q2,353626,3435,2291,1144,9.713652276699111,6.478596030834837,3.235056245864275
2015,Q3,74767,824,602,222,11.020904944694852,8.05168055425522,2.9692243904396323
2015,Q4,133549,1492,982,510,11.171929404188726,7.353106350478101,3.818823053710623
2016,Q1,197286,1629,1144,485,8.257048143304644,5.79868819885851,2.458359944446134
2016,Q2,334940,3260,2094,1166,9.733086522959336,6.251866005851795,3.4812205171075417
2016,Q3,70399,722,526,196,10.255827497549681,7.471697041151153,2.7841304563985285
2016,Q4,122532,1461,945,516,11.923415924003526,7.712271080207619,4.211144843795906
2017,Q1,185996,1571,1090,481,8.446418202541992,5.860341082603927,2.5860771199380634
2017,Q2,322845,2940,1988,952,9.106537192770524,6.157753720825783,2.9487834719447417
2017,Q3,67864,715,534,181,10.535777437227397,7.868678533537664,2.6670989036897326
2017,Q4,125238,1340,934,406,10.699627908462288,7.457800348137147,3.2418275603251407
2018,Q1,180422,1374,957,417,7.61547926527807,5.304231191318132,2.3112480739599386
2018,Q2,309042,2747,1849,898,8.888759456643434,5.983005546171718,2.905753910471716
2018,Q3,68277,683,496,187,10.003368630724841,7.26452538922331,2.7388432415015305
2018,Q4,124585,1231,810,421,9.880804270176988,6.501585263073404,3.379219007103584
2019,Q1,168423,1316,907,409,7.813659654560244,5.3852502330441805,2.4284094215160636
2019,Q2,280565,2499,1682,817,8.907026892164026,5.995045711332489,2.9119811808315363
2019,Q3,61546,686,490,196,11.146134598511683,7.961524713222629,3.1846098852890523
2019,Q4,113527,1209,803,406,10.649449029746227,7.073207254661887,3.576241775084341
2020,Q1,143437,1027,731,296,7.15993781241939,5.096314061225486,2.063623751193904
2020,Q2,238300,1910,1407,503,8.015107007973143,5.90432228283676,2.1107847251363827
2020,Q3,53125,501,394,107,9.430588235294117,7.416470588235295,2.0141176470588236
2020,Q4,97091,1041,752,289,10.721900073127273,7.745311099895974,2.9765889732312987
2021,Q1,143525,956,684,272,6.660860477268768,4.7657202577948095,1.8951402194739593
2021,Q2,234733,1885,1317,568,8.03040049758662,5.61062994977272,2.4197705478138993
2021,Q3,52690,477,373,104,9.052951224141204,7.079142152211046,1.9738090719301575
2021,Q4,97807,899,639,260,9.191571155438773,6.533274714488738,2.6582964409500343
2022,Q1,136167,1006,712,294,7.387986810313806,5.228873368731043,2.1591134415827624
2022,Q2,216479,1731,1165,566,7.9961566710858785,5.381584356912217,2.614572314173661
2022,Q3,49578,455,345,110,9.177457743353907,6.958731695510106,2.2187260478438016
2022,Q4,90966,954,633,321,10.487434865774025,6.958643888925533,3.5287909768484926
2023,Q1,126162,920,659,261,7.292211600957499,5.223442875033687,2.068768725923812
2023,Q2,201116,1523,1028,495,7.5727440879890215,5.111477953022137,2.4612661349668845
2023,Q3,45569,396,284,112,8.690118282165507,6.23230705084597,2.4578112313195377
2023,Q4,87049,839,547,292,9.638249721421268,6.283817160449861,3.354432560971407
2024,Q1,113280,792,561,231,6.991525423728813,4.952330508474576,2.039194915254237
2024,Q2,182604,1506,1084,422,8.247354931983965,5.936343125013691,2.3110118069702743
2024,Q3,40342,367,273,94,9.097218779435824,6.767140944920926,2.3300778345148974
2024,Q4,75879,840,555,285,11.070256592733166,7.314276677341557,3.75597991539161
