prov,provincia,region,nv,def,neo,posneo,TMI,TMN,TMPN,TMI_2009_2011,var_TMI,pnbi2010,pnbi2022,var_NBI,p_sincob2022,p_m20,p_edb,p_bpn,p_pret
02,CABA,Centro,74722,400,293,107,5.353175771526458,3.9212012526431304,1.4319745188833275,8.10647039697319,-33.96416061020543,7.0265089556804785,5.986585489559851,-14.800002002131041,16.31159758794671,2.560156312732529,10.894589225195746,6.811415390392404,8.136166103331725
06,Buenos Aires,Centro,526550,4107,2767,1340,7.799829076061153,5.254961542113759,2.5448675339473934,12.07618790660027,-35.41149627360355,11.285867387618662,9.035450016215837,-19.940136580655565,35.10498017508969,8.062482195423035,13.994614139070777,7.632158958418122,9.102442429566418
10,Catamarca,NOA,13796,101,70,31,7.32096259785445,5.07393447376051,2.2470281240939403,14.65002712967987,-50.027651600571296,14.598354912918513,8.823151125401928,-39.560647908388205,40.66997953814674,8.922876195998839,11.136231038506418,7.611701353514773,8.211678832116789
14,Córdoba,Centro,123873,889,619,270,7.176705173847408,4.997053433758769,2.179651740088639,10.851676609751081,-33.865471374270626,8.778763701713716,6.565918095813711,-25.206802245605864,34.16946829853853,8.176923139021417,11.291586866752326,7.509897390320757,8.254530171508009
18,Corrientes,NEA,44401,539,405,134,12.139366230490305,9.121416184320172,3.017950046170131,15.950979915381996,-23.895796403179226,19.808322271880368,15.158419107344065,-23.474492694099812,43.76388290700529,12.227202090043017,17.223487359833964,8.00279298150776,8.382760875938747
22,Chaco,NEA,53548,534,343,191,9.97236124598491,6.405467991334877,3.5668932546500334,14.486442547755907,-31.160730364890533,23.2793149420768,14.310738989670131,-38.52594449072977,52.21851622305827,14.060282363486964,26.559860291186578,8.943640747438215,9.00163666121113
26,Chubut,Patagonia,18021,139,99,40,7.713223461517119,5.493590810720826,2.219632650796293,9.786776081253784,-21.18728989527491,10.78962746677002,6.959660974393252,-35.496744481422816,27.83626881826232,6.686643360523833,6.463229719484458,6.725860155382908,8.280148731894112
30,Entre Ríos,Centro,45582,452,340,112,9.916194989250144,7.459084726427099,2.4571102628230443,11.496833879732339,-13.748471161862119,11.628475729703863,8.525775971541174,-26.68191283434621,35.63798100059572,9.633188539335704,19.341745345451336,7.836336896634985,8.069501479224622
34,Formosa,NEA,25552,314,228,86,12.288666249217282,8.922980588603632,3.365685660613651,19.86349073687143,-38.13440743118453,25.32618843406781,15.127653354957085,-40.268732524283244,55.8824258018487,15.329524107701943,26.688297404311484,7.910290030920976,12.453509767842462
38,Jujuy,NOA,23618,199,153,46,8.425776949784064,6.478109916165637,1.9476670336184265,12.623517786561266,-33.253336413452274,18.19064338014644,13.17540686267242,-27.570418553462105,46.23964001364034,7.75679566432382,10.107554200542006,7.046667231303464,8.313217295557532
42,La Pampa,Patagonia,10310,70,49,21,6.789524733268672,4.752667313288069,2.0368574199806013,10.361431096483207,-34.473098647800526,5.761098526127168,4.2450715910388,-26.31489338731201,32.05407677766549,7.303588748787584,8.540025289368739,7.478901930352119,8.646288209606986
46,La Rioja,NOA,13180,139,97,42,10.54628224582701,7.359635811836116,3.1866464339908953,14.571168371993357,-27.62226077836294,15.532922270468092,10.573586819818384,-31.92789717411143,41.53817593272899,7.7693474962063735,13.940732840709988,7.660188278165807,10.451955943790352
50,Mendoza,Cuyo,64222,420,307,113,6.539815016660957,4.780293357416461,1.7595216592444956,10.433699291442808,-37.32026547837562,10.371265697002098,9.230967715249315,-10.994781303138302,37.93471746965318,7.5675002335648225,10.288822731736209,7.193919666080023,7.7443175621991305
54,Misiones,NEA,59091,499,315,184,8.444602392919396,5.330761029598416,3.11384136332098,13.239724702175295,-36.21768894082863,19.25681462408849,11.073022514679815,-42.49816114016859,46.64101772729665,14.52336227175035,31.677052094743836,8.139928849737421,9.084287553357273
58,Neuquén,Patagonia,22170,118,79,39,5.322507893549842,3.5633739287325215,1.7591339648173205,8.124750555903987,-34.490199336862695,12.507749306252585,8.76516064568756,-29.922159206485823,31.50676425178315,6.644113667117726,10.031319504334801,6.462385486709689,8.780818819271657
62,Río Negro,Patagonia,23474,187,134,53,7.966260543580131,5.70844338416972,2.2578171594104117,9.267271458478715,-14.03876988742222,11.79061618610475,8.168415815497454,-30.721043866020004,34.60920667061657,6.99497316179603,12.049385043117667,6.908625106746371,9.795115274391549
66,Salta,NOA,56059,511,339,172,9.115396278920423,6.047200271142903,3.06819600777752,13.612591035729997,-33.037022452268246,23.786811021166727,16.857606024159388,-29.13044960436847,47.8729627499172,11.814338464831694,17.63664927138446,7.631103720788858,9.74736459469284
70,San Juan,Cuyo,31363,254,203,51,8.098715046392245,6.472595096132386,1.6261199502598602,10.648663697104677,-23.946184453226294,14.143034299420052,11.197822916730225,-20.82446609643447,44.63899346508918,10.700506966808023,14.78457760627611,7.701138429159093,7.1339732755046725
74,San Luis,Cuyo,16531,136,91,45,8.226967515576796,5.5048091464521205,2.722158369124675,11.995134840414378,-31.414130603532332,10.797552312094211,9.07671474133657,-15.937293203295265,36.96618986657984,8.40239549936483,8.17717206132879,8.299435371258577,10.138416707139388
78,Santa Cruz,Patagonia,10340,98,74,24,9.477756286266924,7.156673114119922,2.3210831721470018,9.912079296634372,-4.381754800074312,9.765626474507302,7.978503144391781,-18.300140137253052,16.95826642873953,8.104448742746614,14.446274585795951,6.6247582205029,8.739837398373984
82,Santa Fe,Centro,122387,1005,713,292,8.211656466781603,5.825782150064958,2.3858743167166447,10.705481280931949,-23.294840733524214,9.540223712515834,7.367452492271371,-22.77484559815931,30.718780219371144,9.72488908135668,18.052348276287134,8.280624336030073,10.372829793671952
86,Santiago del Estero,NOA,37171,295,189,106,7.936294423071749,5.0846089693578325,2.851685453713917,12.587923632045309,-36.953109543275446,22.82165704118707,12.75138217654044,-44.125958279332835,56.03997912554172,11.40405154555971,47.00421029903919,7.167841575633643,10.685440447986217
90,Tucumán,NOA,61140,607,458,149,9.928034020281322,7.491004252535165,2.4370297677461563,13.81010264721772,-28.11035316756684,16.552055846054117,11.99505365774021,-27.53133647383301,34.46907001934191,8.745502126267581,21.244730237364873,8.5821568530998409,13.463374485596708
94,Tierra del Fuego,Patagonia,4740,28,21,7,5.9071729957805905,4.4303797468354436,1.4767932489451476,7.152145643693108,-17.406981204449558,14.55001289823294,15.46405129813255,6.282045289531091,15.340239405702915,4.641350210970464,5.907352316192095,6.83688541886474,9.25417282907247
