tasa,variable,rho,p
TMI,pnbi2022,0.48782608695652163,0.016664440718967853
TMI,pnbimas1_2022,0.517391304347826,0.010539996466771196
TMI,p_sincob2022,0.5495652173913043,0.006132913909761254
TMI,p_m20,0.7052173913043477,1.7741418207140372e-4
TMI,p_edb,0.657391304347826,6.527649922348484e-4
TMI,p_bpn,0.6495652173913042,7.898662094449e-4
TMI,p_pret,0.3965217391304347,0.05606694774260759
TMN,pnbi2022,0.4104347826086956,0.04743270370269716
TMN,pnbimas1_2022,0.4634782608695652,0.02368663730848089
TMN,p_sincob2022,0.4208695652173913,0.04167818477593909
TMN,p_m20,0.5765217391304347,0.003747586824862746
TMN,p_edb,0.5469565217391303,0.006419735167768968
TMN,p_bpn,0.5356521739130434,0.00779651056602511
TMN,p_pret,0.25913043478260867,0.22053514478609168
TMPN,pnbi2022,0.4243478260869564,0.03988912255638228
TMPN,pnbimas1_2022,0.3947826086956521,0.057227890639332216
TMPN,p_sincob2022,0.637391304347826,0.0010515210829215517
TMPN,p_m20,0.743478260869565,4.9692748964680746e-5
TMPN,p_edb,0.6886956521739129,2.867024922012317e-4
TMPN,p_bpn,0.6530434782608694,7.261853241833946e-4
TMPN,p_pret,0.577391304347826,0.0036861362230505104
Var% TMI 2010-2022,Var% NBI 2010-2022,0.3060869565217391,0.14565155105735209
